Ratings,RAM,ROM,Mobile_Size,Primary_Cam,Selfi_Cam,Battery_Power,Price_Class
4.3,4.0,128.0,6.0,48,13.0,4000,10000-60000
3.4,6.0,64.0,4.5,48,12.0,4000,10000-60000
4.3,4.0,4.0,4.5,64,16.0,4000,10000-60000
4.4,6.0,64.0,6.4,48,15.0,3800,10000-60000
4.5,6.0,128.0,6.18,35,15.0,3800,10000-60000
4.7,8.0,128.0,5.8,35,12.0,5000,10000-60000
4.4,8.0,128.0,6.7,64,5.0,4700,10000-60000
4.5,8.0,128.0,6.7,48,12.0,4700,10000-60000
4.4,4.0,128.0,6.53,48,2.0,4020,10000-60000
4.5,8.0,256.0,6.18,35,5.0,3800,10000-60000
3.9,6.0,32.0,4.54,64,8.0,4100,1000-10000
3.8,6.0,32.0,4.5,64,8.0,1050,1000-10000
,2.0,16.0,5.5,8,,4200,1000-10000
3.8,6.0,32.0,4.7,64,8.0,3000,1000-10000
4.5,8.0,256.0,6.67,48,8.0,3800,10000-60000
4.6,6.0,128.0,6.67,48,8.0,3800,10000-60000
4.1,6.0,32.0,3.7,64,,4700,0-1000
4.5,8.0,128.0,6.7,64,1.0,4700,10000-60000
4.5,8.0,128.0,6.7,48,12.0,4700,10000-60000
4.3,2.0,32.0,6.2,38,2.0,4230,10000-60000
4.1,8.0,64.0,4.54,64,,2500,1000-10000
3.7,6.0,32.0,2.0,64,13.0,1550,1000-10000
3.8,6.0,32.0,4.54,48,,3000,1000-10000
3.8,6.0,32.0,4.54,25,23.0,3000,1000-10000
,6.0,32.0,4.5,64,32.0,3000,0-1000
,6.0,32.0,4.5,64,13.0,3000,0-1000
3.8,12.0,24.0,2.0,64,,1550,1000-10000
3.7,6.0,32.0,4.77,48,,1750,0-1000
4.1,,32.0,4.5,64,23.0,3000,1000-10000
3.6,8.0,32.0,4.5,48,,3000,0-1000
3.9,6.0,32.0,4.5,64,15.0,3000,0-1000
4.5,6.0,128.0,6.4,35,13.0,3800,10000-60000
4.0,4.0,64.0,5.5,38,1.0,4010,10000-60000
4.2,6.0,128.0,6.53,48,2.0,3800,10000-60000
4.2,6.0,24.0,4.54,48,,1750,1000-10000
4.6,12.0,128.0,6.1,35,7.0,3500,10000-60000
4.2,6.0,32.0,4.54,48,18.0,1750,1000-10000
4.0,6.0,32.0,4.5,48,,3000,0-1000
3.9,12.0,12.0,4.54,48,13.0,3000,1000-10000
3.9,6.0,32.0,4.54,48,5.0,3000,1000-10000
3.6,6.0,32.0,4.54,38,,1200,0-1000
3.6,6.0,32.0,4.54,38,0.0,1200,0-1000
3.8,3.0,32.0,6.2,48,8.0,3000,10000-60000
4.1,8.0,128.0,6.4,35,20.0,3000,10000-60000
3.9,6.0,32.0,4.77,48,,1750,1000-10000
4.1,3.0,32.0,5.4,38,5.0,3000,1000-10000
4.3,1.0,16.0,4.5,48,,3000,0-1000
4.3,1.0,16.0,4.5,48,2.0,3000,0-1000
3.8,4.0,64.0,4.54,48,,1200,1000-10000
4.0,6.0,32.0,4.54,64,14.0,2500,1000-10000
3.5,6.0,32.0,4.52,48,,3800,1000-10000
4.7,8.0,64.0,6.5,35,12.0,3000,10000-60000
4.6,4.0,64.0,6.2,35,8.0,3500,10000-60000
4.4,6.0,128.0,6.39,48,12.0,3800,10000-60000
3.8,6.0,32.0,4.54,48,,2800,1000-10000
4.1,8.0,64.0,4.54,64,13.0,2500,1000-10000
3.6,6.0,32.0,4.5,48,,3000,0-1000
3.5,6.0,32.0,4.5,64,17.0,1050,0-1000
4.7,12.0,256.0,5.8,35,12.0,3800,10000-60000
3.7,10.0,32.0,4.5,64,,3000,0-1000
4.4,3.0,32.0,6.2,48,1.0,3800,1000-10000
3.8,6.0,32.0,4.4,48,,3000,0-1000
3.8,6.0,32.0,4.4,48,,3000,0-1000
4.5,6.0,64.0,5.99,35,5.0,3800,10000-60000
3.8,6.0,32.0,4.54,64,,4100,1000-10000
4.5,6.0,128.0,6.39,48,13.0,3800,10000-60000
4.7,12.0,256.0,4.7,35,7.0,5000,10000-60000
4.7,8.0,64.0,6.1,35,12.0,3800,10000-60000
3.9,3.0,16.0,5.0,38,5.0,4200,1000-10000
3.9,3.0,16.0,5.0,38,5.0,4200,1000-10000
4.1,6.0,32.0,4.54,48,,3000,1000-10000
3.6,1.0,32.0,4.5,48,10.0,3500,0-1000
3.9,6.0,32.0,4.5,48,,3000,0-1000
4.3,3.0,64.0,5.7,35,18.0,3500,10000-60000
4.4,8.0,128.0,6.4,48,8.0,3800,10000-60000
4.7,8.0,64.0,5.8,35,12.0,3500,10000-60000
,6.0,64.0,4.54,48,,2800,0-1000
4.0,6.0,32.0,4.54,48,,1900,1000-10000
4.0,3.0,32.0,5.5,38,5.0,3000,10000-60000
4.4,6.0,64.0,6.41,48,2.0,3600,10000-60000
4.4,6.0,128.0,6.3,48,5.0,3800,10000-60000
4.2,4.0,4.0,4.54,48,,1020,1000-10000
3.9,6.0,64.0,4.54,48,,3600,1000-10000
,6.0,32.0,4.54,48,32.0,1900,1000-10000
4.5,8.0,256.0,6.5,48,8.0,3800,10000-60000
3.9,1.0,16.0,4.58,48,8.0,3000,1000-10000
3.4,6.0,32.0,4.77,48,,3000,0-1000
4.0,6.0,32.0,4.77,48,,3000,1000-10000
4.0,4.0,32.0,5.7,38,2.0,3030,1000-10000
4.2,4.0,4.0,4.5,64,,3500,1000-10000
3.9,5.0,32.0,4.54,48,8.0,3000,1000-10000
3.9,5.0,32.0,4.54,48,8.0,3000,0-1000
3.8,12.0,56.0,4.57,48,10.0,3000,1000-10000
4.3,,64.0,4.4,64,,3500,1000-10000
4.2,3.0,,,64,,3800,1000-10000
3.6,6.0,32.0,4.54,64,8.0,2800,1000-10000
4.3,,64.0,2.0,64,,3500,1000-10000
3.4,6.0,32.0,4.77,48,8.0,3000,0-1000
3.7,6.0,32.0,4.5,64,,3000,0-1000
4.5,8.0,256.0,6.39,48,13.0,3800,10000-60000
4.3,3.0,32.0,6.2,38,2.0,4230,1000-10000
4.2,2.0,16.0,5.7,38,8.0,3180,1000-10000
4.3,3.0,32.0,6.2,38,2.0,4230,1000-10000
4.3,3.0,32.0,5.5,38,1.0,3000,10000-60000
3.9,4.0,20.0,4.54,48,,3700,1000-10000
4.4,4.0,32.0,5.7,48,2.0,3000,10000-60000
4.2,6.0,128.0,6.28,35,5.0,3200,10000-60000
3.7,6.0,64.0,4.5,48,,3000,0-1000
4.5,6.0,64.0,6.39,48,13.0,3800,10000-60000
,6.0,32.0,4.5,48,,3000,1000-10000
3.9,6.0,32.0,4.8,48,,3000,0-1000
4.5,8.0,128.0,6.7,64,1.0,4700,10000-60000
3.9,6.0,32.0,4.5,48,,3000,0-1000
4.5,6.0,128.0,6.39,48,13.0,3800,10000-60000
4.2,6.0,128.0,6.08,48,8.0,4030,10000-60000
4.6,12.0,64.0,6.1,35,7.0,3500,10000-60000
4.1,6.0,64.0,4.54,48,,3700,1000-10000
4.3,4.0,64.0,4.54,48,20.0,1020,1000-10000
4.1,1.0,16.0,4.58,48,8.0,3800,1000-10000
4.0,6.0,32.0,4.77,48,8.0,1100,0-1000
3.6,6.0,2.4,,48,,3000,1000-10000
4.1,6.0,25.0,4.54,48,12.0,3000,1000-10000
4.3,6.0,32.0,4.4,64,,3000,0-1000
3.7,4.0,40.0,4.58,48,8.0,3800,1000-10000
3.7,6.0,64.0,4.5,48,,3000,0-1000
3.5,6.0,64.0,4.5,48,8.0,3000,0-1000
4.3,3.0,32.0,6.2,38,2.0,4230,10000-60000
3.9,6.0,32.0,4.77,64,,4600,1000-10000
3.5,6.0,64.0,4.5,48,12.0,3000,0-1000
4.3,4.0,32.0,6.22,38,5.0,3260,10000-60000
3.8,6.0,32.0,4.54,48,,3500,1000-10000
4.4,2.0,16.0,5.0,38,2.0,3050,10000-60000
4.0,6.0,32.0,4.54,48,,3000,1000-10000
3.7,8.0,64.0,4.5,48,5.0,3000,0-1000
4.2,4.0,22.0,4.503,48,,3000,1000-10000
4.7,8.0,64.0,6.5,35,12.0,3500,10000-60000
,8.0,128.0,6.4,48,,3500,10000-60000
,8.0,128.0,6.4,48,5.0,3500,10000-60000
3.9,6.0,32.0,4.54,64,,1200,1000-10000
4.1,4.0,,4.4,64,,3500,1000-10000
4.4,6.0,128.0,6.3,48,1.0,3800,10000-60000
3.7,8.0,64.0,4.5,48,6.0,3000,0-1000
4.2,6.0,24.0,4.54,48,,1750,1000-10000
3.6,6.0,64.0,4.5,48,4.0,3000,1000-10000
3.4,1.0,4.0,4.7,38,2.0,2800,10000-60000
3.6,8.0,64.0,4.77,48,,3000,0-1000
4.5,6.0,64.0,6.26,35,5.0,3800,10000-60000
4.2,4.0,64.0,6.5,48,8.0,5000,10000-60000
4.2,6.0,64.0,6.3,48,5.0,3500,10000-60000
4.2,8.0,64.0,4.77,48,,3000,0-1000
4.1,1.0,16.0,5.4,8,5.0,3000,1000-10000
4.3,8.0,64.0,4.77,48,5.0,3000,0-1000
3.2,6.0,64.0,4.5,64,8.0,3500,0-1000
4.1,6.0,32.0,4.77,48,,2500,1000-10000
3.7,6.0,32.0,4.54,38,16.0,3000,1000-10000
4.1,6.0,32.0,4.77,48,,3000,0-1000
3.5,6.0,64.0,4.5,48,8.0,3000,0-1000
4.1,6.0,32.0,4.5,48,16.0,3000,0-1000
4.4,6.0,128.0,6.5,40,2.0,3750,10000-60000
3.9,6.0,32.0,4.5,48,,3000,0-1000
3.8,6.0,32.0,44.0,48,8.0,3000,0-1000
4.4,6.0,64.0,6.38,48,8.0,4700,10000-60000
3.9,6.0,32.0,4.5,48,,1750,0-1000
3.6,6.0,64.0,4.5,48,,3000,0-1000
3.7,6.0,64.0,4.5,48,12.0,3000,1000-10000
3.8,25.0,25.0,4.54,48,,3000,1000-10000
4.3,,64.0,4.4,64,8.0,3500,1000-10000
4.1,6.0,32.0,4.54,48,8.0,3000,0-1000
4.3,4.0,64.0,4.8,38,2.0,3000,10000-60000
4.0,12.0,24.0,4.5,48,,3500,0-1000
4.4,8.0,128.0,6.7,48,8.0,3000,10000-60000
3.5,6.0,64.0,4.5,48,20.0,3000,1000-10000
3.4,6.0,32.0,4.77,48,,3500,0-1000
4.4,3.0,32.0,6.2,48,16.0,3800,10000-60000
4.2,4.0,64.0,5.99,40,12.0,3010,10000-60000
4.2,6.0,128.0,6.08,48,8.0,4030,10000-60000
4.6,4.0,64.0,6.2,35,8.0,3500,10000-60000
4.2,6.0,32.0,4.54,64,,3000,0-1000
4.4,2.0,16.0,6.1,38,2.0,3800,1000-10000
4.4,6.0,64.0,6.5,40,2.0,3750,10000-60000
3.8,6.0,32.0,4.5,48,,3000,1000-10000
4.1,4.0,3.0,4.5,48,12.0,3000,0-1000
4.0,6.0,32.0,4.5,48,8.0,3500,0-1000
3.4,0.0,64.0,4.5,48,,3000,0-1000
4.1,6.0,32.0,4.54,48,8.0,3000,1000-10000
4.5,6.0,64.0,6.18,35,5.0,3800,10000-60000
3.5,6.0,64.0,4.5,48,16.0,3000,1000-10000
3.5,6.0,64.0,4.5,48,,3000,1000-10000
3.3,2.0,16.0,5.0,8,,2000,1000-10000
3.9,6.0,32.0,4.5,64,20.0,3000,0-1000
4.0,30.0,0.0,4.5,64,,3500,0-1000
4.5,8.0,128.0,6.44,48,13.0,4100,10000-60000
4.2,4.0,2.0,2.0,48,,3000,1000-10000
3.5,6.0,64.0,4.5,48,20.0,3000,0-1000
4.1,6.0,32.0,4.5,48,,3000,0-1000
4.1,6.0,32.0,4.5,48,20.0,3000,0-1000
3.6,6.0,64.0,4.5,48,,3000,0-1000
4.1,6.0,32.0,4.54,48,20.0,3000,1000-10000
4.7,12.0,64.0,5.8,35,12.0,3500,10000-60000
4.3,4.0,128.0,5.84,38,2.0,3000,10000-60000
4.0,6.0,32.0,4.54,48,,3000,1000-10000
3.4,6.0,64.0,4.5,48,20.0,3000,0-1000
3.7,6.0,64.0,4.5,48,20.0,3000,1000-10000
4.4,3.0,32.0,6.1,38,5.0,3260,10000-60000
4.0,6.0,32.0,4.5,64,,3000,0-1000
3.9,34.0,64.0,4.5,48,21.0,3000,0-1000
4.5,6.0,128.0,5.8,48,12.0,3100,10000-60000
3.2,6.0,64.0,44.0,48,,3500,0-1000
4.1,6.0,32.0,4.5,48,20.0,3000,1000-10000
4.1,6.0,32.0,4.5,48,15.0,3000,1000-10000
3.3,6.0,25.0,4.54,64,,3000,0-1000
4.2,8.0,64.0,4.77,48,32.0,3000,0-1000
3.9,6.0,32.0,4.54,48,,1200,1000-10000
4.3,3.0,64.0,6.22,38,2.0,5000,1000-10000
3.5,1.0,20.0,4.54,48,,2800,0-1000
4.4,4.0,128.0,6.35,38,2.0,5000,10000-60000
4.1,6.0,32.0,4.54,48,5.0,3000,0-1000
3.8,4.0,64.0,4.54,48,,1200,1000-10000
4.2,6.0,128.0,6.08,48,8.0,4030,10000-60000
3.4,6.0,64.0,4.5,48,5.0,3000,1000-10000
3.6,6.0,20.0,4.5,48,,3000,0-1000
4.3,4.0,128.0,5.84,38,2.0,3000,10000-60000
,6.0,32.0,4.5,48,,2500,0-1000
4.7,8.0,64.0,5.8,35,12.0,3500,10000-60000
4.4,6.0,64.0,6.5,48,5.0,3800,10000-60000
3.9,6.0,32.0,4.58,48,5.0,3000,1000-10000
4.5,6.0,64.0,6.3,48,2.0,3500,10000-60000
4.8,12.0,15.0,4.5,35,,2800,0-1000
4.0,6.0,32.0,4.5,38,32.0,1750,0-1000
3.9,8.0,64.0,4.54,64,32.0,2500,1000-10000
3.1,6.0,32.0,4.5,48,,3000,0-1000
3.5,6.0,64.0,4.5,48,21.0,3000,1000-10000
4.4,4.0,64.0,5.99,48,2.0,3225,10000-60000
3.5,8.0,32.0,4.5,48,13.0,2500,0-1000
4.0,6.0,32.0,4.5,48,13.0,3500,0-1000
3.9,6.0,32.0,4.54,48,,1200,1000-10000
4.3,8.0,64.0,4.77,48,,3000,0-1000
3.5,6.0,64.0,4.5,48,12.0,3000,1000-10000
4.6,8.0,64.0,5.5,35,12.0,3500,10000-60000
4.5,8.0,256.0,6.3,35,12.0,3500,10000-60000
4.4,4.0,64.0,6.0,48,,3750,10000-60000
4.1,4.0,4.0,4.54,48,12.0,3000,1000-10000
3.2,6.0,64.0,44.0,48,,3500,0-1000
4.2,6.0,24.0,4.54,48,12.0,1750,1000-10000
3.7,6.0,64.0,4.5,48,,3000,0-1000
4.1,6.0,32.0,4.5,48,0.0,1050,0-1000
4.0,6.0,32.0,4.58,48,20.0,3700,1000-10000
3.6,6.0,64.0,4.5,48,,3000,1000-10000
3.4,6.0,64.0,4.5,48,14.0,3000,0-1000
3.8,8.0,64.0,4.77,48,,3000,0-1000
3.8,6.0,64.0,4.5,48,11.0,3500,0-1000
,10.0,10.0,4.5,48,11.0,3000,0-1000
3.0,6.0,35.0,4.54,48,23.0,2800,0-1000
4.0,6.0,32.0,4.5,48,32.0,3500,0-1000
3.4,6.0,64.0,4.5,48,8.0,3000,1000-10000
3.9,6.0,32.0,4.54,48,0.0,3000,1000-10000
3.4,6.0,64.0,4.54,20,8.0,3500,0-1000
4.1,6.0,32.0,4.5,48,,3000,1000-10000
4.5,6.0,64.0,6.3,48,2.0,3750,10000-60000
3.5,6.0,64.0,4.5,48,8.0,3000,0-1000
3.5,6.0,64.0,4.5,48,,3000,0-1000
4.1,6.0,32.0,4.77,48,5.0,2500,1000-10000
3.9,6.0,32.0,4.54,48,,3000,1000-10000
3.5,2.0,16.0,5.5,5,5.0,2500,1000-10000
4.6,4.0,64.0,6.6,38,2.0,5000,1000-10000
4.5,4.0,128.0,6.5,48,8.0,5000,10000-60000
4.5,4.0,128.0,6.5,48,8.0,5000,10000-60000
4.5,4.0,128.0,6.5,48,8.0,5000,10000-60000
4.4,6.0,128.0,6.53,64,8.0,4700,10000-60000
4.4,6.0,128.0,6.5,64,8.0,4700,10000-60000
4.5,6.0,64.0,6.67,64,8.0,4700,10000-60000
4.5,6.0,64.0,6.6,64,12.0,4700,10000-60000
4.4,4.0,128.0,6.5,48,8.0,5000,10000-60000
4.4,3.0,32.0,6.35,38,8.0,5000,10000-60000
4.5,6.0,128.0,6.5,64,8.0,5000,10000-60000
4.4,3.0,32.0,6.35,38,8.0,5000,10000-60000
4.3,3.0,32.0,6.22,38,2.0,4230,1000-10000
4.3,3.0,32.0,6.22,38,2.0,4230,1000-10000
4.3,4.0,64.0,7.0,48,5.0,6000,1000-10000
4.3,4.0,64.0,7.0,48,5.0,6000,1000-10000
4.3,4.0,64.0,6.5,35,2.0,4230,10000-60000
4.3,8.0,128.0,6.5,48,8.0,5000,10000-60000
4.3,2.0,32.0,6.2,38,2.0,4230,1000-10000
4.4,4.0,64.0,6.35,38,2.0,5000,10000-60000
4.3,3.0,32.0,5.7,38,2.0,3800,1000-10000
4.4,3.0,64.0,6.35,38,2.0,5000,10000-60000
4.3,3.0,32.0,5.7,38,2.0,3800,1000-10000
3.4,6.0,64.0,4.5,48,,3000,0-1000
4.3,4.0,4.0,4.5,64,,3500,1000-10000
4.4,6.0,64.0,6.4,48,5.0,3800,10000-60000
4.5,6.0,128.0,6.18,35,5.0,3800,10000-60000
4.7,8.0,64.0,5.8,35,12.0,3500,10000-60000
4.4,8.0,128.0,6.7,64,5.0,4700,10000-60000
4.5,8.0,128.0,6.7,48,12.0,4700,10000-60000
4.4,4.0,128.0,6.53,48,2.0,4020,10000-60000
4.5,8.0,256.0,6.18,35,5.0,3800,10000-60000
3.9,6.0,32.0,4.54,64,,4100,1000-10000
3.8,6.0,32.0,4.5,64,,1050,1000-10000
,2.0,16.0,5.5,8,8.0,4200,1000-10000
3.8,6.0,32.0,4.7,64,,4300,1000-10000
4.5,8.0,256.0,6.67,48,8.0,3800,10000-60000
4.6,6.0,128.0,6.67,48,8.0,3800,10000-60000
4.1,6.0,32.0,3.7,64,,3500,0-1000
4.5,8.0,128.0,6.7,64,1.0,4700,10000-60000
4.5,8.0,128.0,6.7,48,12.0,4700,10000-60000
4.3,2.0,32.0,6.2,38,2.0,4230,10000-60000
4.1,8.0,64.0,4.54,64,,2500,1000-10000
3.7,6.0,32.0,2.0,64,,1550,1000-10000
3.8,6.0,32.0,4.54,48,8.0,3000,1000-10000
3.8,6.0,32.0,4.54,25,,3000,1000-10000
,6.0,32.0,4.5,25,8.0,1080,0-1000
,6.0,32.0,4.5,25,8.0,1080,0-1000
3.9,4.0,24.0,4.77,48,8.0,1750,0-1000
4.0,6.0,32.0,3.7,16,8.0,3000,0-1000
4.1,6.0,64.0,4.5,48,,3000,0-1000
4.5,6.0,128.0,6.39,48,13.0,3800,10000-60000
3.9,6.0,32.0,4.54,25,,3000,1000-10000
3.5,6.0,64.0,4.5,48,,3000,0-1000
4.6,8.0,256.0,6.55,48,1.0,3000,10000-60000
4.6,8.0,128.0,6.55,48,1.0,3000,10000-60000
4.5,6.0,64.0,5.5,35,12.0,3500,10000-60000
4.5,8.0,128.0,6.5,64,13.0,3800,10000-60000
4.6,12.0,25.0,6.5,64,13.0,3800,10000-60000
4.5,8.0,128.0,6.5,64,13.0,3800,10000-60000
4.4,6.0,128.0,6.59,48,8.0,3800,10000-60000
4.4,2.0,32.0,6.22,38,5.0,4030,1000-10000
4.5,6.0,128.0,6.4,64,8.0,6000,10000-60000
4.4,8.0,128.0,6.44,48,13.0,4440,10000-60000
4.1,6.0,32.0,4.54,48,,3000,1000-10000
3.8,6.0,32.0,4.7,64,,3500,1000-10000
3.8,6.0,32.0,4.7,64,5.0,3000,1000-10000
4.3,4.0,64.0,6.5,38,8.0,3800,10000-60000
4.5,8.0,128.0,6.44,48,8.0,4700,10000-60000
4.7,8.0,64.0,6.1,35,12.0,5000,10000-60000
4.1,6.0,32.0,4.4,48,,2500,0-1000
4.0,6.0,32.0,3.7,16,,3000,0-1000
3.0,8.0,64.0,4.54,48,,3800,0-1000
4.5,4.0,128.0,6.38,48,8.0,4700,10000-60000
4.1,6.0,32.0,4.4,48,,2500,0-1000
4.5,8.0,64.0,4.7,35,7.0,5000,10000-60000
4.1,6.0,32.0,3.7,64,,5000,0-1000
4.1,6.0,32.0,3.7,64,5.0,3500,0-1000
4.5,8.0,128.0,6.7,35,12.0,4700,10000-60000
4.1,3.0,32.0,6.26,38,,3800,1000-10000
4.3,6.0,64.0,6.5,48,8.0,5000,10000-60000
3.9,6.0,32.0,4.77,48,,2800,1000-10000
3.9,6.0,32.0,4.77,48,5.0,2800,0-1000
,8.0,64.0,4.5,16,,3000,0-1000
4.4,8.0,128.0,6.44,48,13.0,4440,10000-60000
4.4,8.0,256.0,6.44,48,13.0,4440,10000-60000
4.3,3.0,32.0,6.22,38,,4030,10000-60000
4.3,,64.0,4.4,64,,3500,1000-10000
4.4,6.0,64.0,6.53,64,8.0,4700,10000-60000
4.5,4.0,64.0,5.6,35,20.0,3000,10000-60000
3.9,6.0,32.0,4.5,64,,2000,0-1000
4.3,6.0,64.0,6.5,48,8.0,5000,10000-60000
4.1,6.0,32.0,4.7,48,5.0,3000,1000-10000
3.9,6.0,32.0,4.5,48,5.0,3000,0-1000
4.0,6.0,32.0,4.5,48,5.0,3000,1000-10000
3.7,6.0,32.0,4.5,48,,3000,0-1000
4.3,6.0,128.0,5.99,35,5.0,3700,10000-60000
4.4,8.0,256.0,6.44,48,8.0,4700,10000-60000
3.6,6.0,64.0,4.5,48,,3500,0-1000
4.1,6.0,32.0,44.0,48,5.0,3000,0-1000
4.5,8.0,128.0,6.7,35,12.0,4700,10000-60000
3.9,6.0,32.0,4.54,48,,3000,1000-10000
3.9,6.0,32.0,4.54,48,5.0,1750,1000-10000
4.0,8.0,,4.77,48,,2500,1000-10000
4.4,6.0,128.0,6.26,48,2.0,3750,10000-60000
3.6,6.0,64.0,4.5,48,,3000,0-1000
4.4,8.0,128.0,6.4,64,13.0,4025,10000-60000
4.4,8.0,128.0,6.7,64,12.0,4700,10000-60000
4.5,6.0,128.0,6.39,48,13.0,3000,10000-60000
3.5,6.0,64.0,4.5,48,5.0,3000,0-1000
4.2,4.0,4.0,4.54,48,,1020,1000-10000
4.4,12.0,25.0,6.44,48,13.0,4440,10000-60000
4.5,8.0,256.0,6.6,48,13.0,4065,10000-60000
3.7,8.0,64.0,4.5,64,,1050,0-1000
4.5,8.0,128.0,6.3,48,2.0,3500,10000-60000
3.4,6.0,32.0,4.5,48,5.0,1050,0-1000
4.5,6.0,64.0,6.5,64,13.0,3800,10000-60000
3.4,6.0,32.0,4.5,48,,1050,0-1000
4.4,8.0,256.0,6.44,48,8.0,4700,10000-60000
4.6,8.0,256.0,6.67,48,1.0,4085,10000-60000
4.2,6.0,32.0,4.54,48,5.0,2500,1000-10000
4.2,6.0,32.0,4.54,64,,2500,1000-10000
4.5,4.0,64.0,6.26,35,5.0,3000,10000-60000
4.2,4.0,4.0,4.5,64,5.0,3500,1000-10000
3.6,8.0,64.0,4.54,64,5.0,2500,1000-10000
4.1,6.0,32.0,4.54,48,20.0,3500,1000-10000
4.1,6.0,32.0,4.4,48,12.0,2500,0-1000
4.1,6.0,32.0,3.7,64,12.0,3500,0-1000
3.9,4.0,64.0,4.54,64,,1750,1000-10000
4.3,8.0,128.0,6.52,48,8.0,5000,10000-60000
3.7,6.0,64.0,4.54,48,12.0,1500,0-1000
4.0,6.0,32.0,4.77,48,12.0,3800,0-1000
4.4,6.0,128.0,6.5,48,5.0,3800,10000-60000
4.3,6.0,32.0,4.58,64,12.0,1750,1000-10000
4.1,8.0,64.0,4.77,48,,3800,1000-10000
4.1,8.0,64.0,4.77,48,8.0,5000,1000-10000
4.1,8.0,64.0,4.77,48,,3000,1000-10000
4.0,6.0,32.0,4.5,48,12.0,3000,0-1000
4.5,4.0,64.0,5.6,35,20.0,3000,10000-60000
4.5,6.0,128.0,6.4,64,8.0,6000,10000-60000
3.8,6.0,32.0,4.4,48,,2500,0-1000
3.8,6.0,32.0,4.4,48,12.0,2500,0-1000
4.1,1.0,16.0,5.0,5,2.0,2500,1000-10000
4.5,6.0,64.0,6.39,48,13.0,3800,10000-60000
4.5,6.0,64.0,5.5,35,12.0,3500,10000-60000
3.8,6.0,32.0,4.54,48,12.0,2800,1000-10000
4.2,6.0,32.0,4.54,48,20.0,1200,1000-10000
3.9,6.0,32.0,4.5,64,12.0,2000,0-1000
4.2,8.0,51.0,4.54,48,,1750,1000-10000
4.4,8.0,128.0,6.4,64,13.0,4025,10000-60000
4.4,8.0,128.0,6.4,64,13.0,4025,10000-60000
3.7,0.0,64.0,4.54,64,,3500,0-1000
4.1,6.0,32.0,3.7,64,15.0,3500,0-1000
3.5,6.0,64.0,4.5,48,,3000,0-1000
4.5,6.0,64.0,6.26,35,5.0,3000,10000-60000
3.8,6.0,32.0,4.77,48,15.0,3000,0-1000
3.8,6.0,32.0,4.77,48,15.0,3000,0-1000
4.4,6.0,64.0,6.38,48,8.0,4700,10000-60000
3.7,6.0,32.0,4.54,64,,2800,0-1000
4.1,6.0,32.0,44.0,48,15.0,3000,0-1000
4.1,6.0,32.0,44.0,48,15.0,3000,0-1000
4.1,6.0,32.0,44.0,48,15.0,3000,0-1000
4.4,4.0,64.0,6.35,38,2.0,5000,10000-60000
4.0,6.0,32.0,4.54,64,,2500,1000-10000
3.4,6.0,64.0,4.54,20,,3500,1000-10000
4.5,8.0,256.0,6.67,48,8.0,3800,10000-60000
4.6,6.0,128.0,6.67,48,8.0,3800,10000-60000
4.0,3.0,32.0,5.4,38,8.0,3800,1000-10000
4.5,8.0,128.0,6.7,64,1.0,4700,10000-60000
3.7,6.0,32.0,2.0,64,16.0,1550,1000-10000
3.8,6.0,32.0,4.54,48,16.0,3000,1000-10000
4.2,4.0,3.0,4.77,48,,1750,1000-10000
4.7,8.0,64.0,5.8,35,12.0,5000,10000-60000
4.6,8.0,128.0,6.1,48,12.0,3000,10000-60000
4.2,12.0,24.0,4.77,48,,3000,1000-10000
4.1,10.0,25.0,6.41,48,2.0,3000,10000-60000
4.1,3.0,32.0,5.7,38,1.0,2900,1000-10000
4.2,4.0,64.0,4.5,64,,3500,1000-10000
4.2,4.0,64.0,4.5,64,16.0,3000,1000-10000
3.5,6.0,64.0,4.5,48,16.0,3000,1000-10000
4.2,6.0,32.0,4.54,48,61.0,1750,1000-10000
3.8,12.0,24.0,2.0,64,,1550,1000-10000
3.7,6.0,32.0,4.77,48,,1750,0-1000
4.5,6.0,128.0,6.39,48,32.0,3000,10000-60000
4.5,6.0,64.0,5.5,35,12.0,3500,10000-60000
,6.0,32.0,4.5,64,,3000,0-1000
,6.0,32.0,4.5,64,,3000,0-1000
4.1,6.0,32.0,4.5,64,8.0,3000,1000-10000
3.6,8.0,32.0,4.5,48,8.0,3000,0-1000
4.2,6.0,24.0,4.54,48,8.0,1750,1000-10000
4.6,12.0,64.0,6.1,35,7.0,3500,10000-60000
4.2,6.0,32.0,4.54,48,5.0,1750,1000-10000
3.9,12.0,12.0,4.54,48,5.0,3000,1000-10000
3.9,6.0,32.0,4.54,48,,3000,1000-10000
4.1,8.0,128.0,6.4,35,20.0,3000,10000-60000
3.6,6.0,32.0,4.54,38,20.0,1200,0-1000
3.6,6.0,32.0,4.54,38,0.0,1200,0-1000
3.8,3.0,32.0,6.2,48,8.0,3000,10000-60000
4.1,3.0,32.0,5.4,38,5.0,3000,1000-10000
3.9,6.0,32.0,4.77,48,,1750,1000-10000
4.3,1.0,16.0,4.5,48,8.0,3000,0-1000
4.3,1.0,16.0,4.5,48,8.0,3000,0-1000
,6.0,32.0,4.5,64,,3000,0-1000
3.9,6.0,32.0,4.5,48,11.0,3000,0-1000
,6.0,32.0,4.5,64,,3000,0-1000
4.3,4.0,4.0,4.77,64,11.0,3500,1000-10000
4.1,4.0,64.0,5.9,38,2.0,3000,10000-60000
3.4,4.0,64.0,5.5,48,5.0,3000,10000-60000
4.5,8.0,128.0,6.44,48,13.0,4100,10000-60000
4.2,4.0,4.0,4.5,64,13.0,3500,1000-10000
4.4,2.0,16.0,6.22,38,5.0,4030,1000-10000
4.4,6.0,64.0,6.4,48,5.0,3800,10000-60000
4.0,6.0,32.0,4.54,64,,2500,1000-10000
3.8,4.0,64.0,4.54,48,,1200,1000-10000
4.7,8.0,64.0,6.5,35,12.0,3500,10000-60000
4.6,4.0,64.0,6.2,35,8.0,3500,10000-60000
4.4,6.0,128.0,6.39,48,12.0,3800,10000-60000
3.6,6.0,32.0,4.5,48,,3000,0-1000
3.8,6.0,32.0,4.54,48,,2800,1000-10000
4.4,3.0,32.0,6.2,48,1.0,3800,1000-10000
3.7,10.0,32.0,4.5,64,,3500,0-1000
3.5,6.0,32.0,4.5,64,14.0,1050,0-1000
3.8,6.0,32.0,4.4,48,14.0,3000,0-1000
3.8,6.0,32.0,4.4,48,,3000,0-1000
4.5,6.0,64.0,5.99,35,5.0,3800,10000-60000
4.7,12.0,64.0,4.7,35,7.0,3500,10000-60000
4.7,8.0,64.0,6.1,35,12.0,3500,10000-60000
4.1,6.0,32.0,4.54,48,20.0,3000,1000-10000
3.6,1.0,32.0,4.5,48,,3500,0-1000
4.2,8.0,,4.58,64,,1750,1000-10000
4.4,6.0,128.0,6.3,26,5.0,3000,10000-60000
3.6,6.0,35.0,4.5,64,,1050,0-1000
4.5,4.0,64.0,6.3,48,5.0,3260,10000-60000
4.2,8.0,128.0,6.59,35,5.0,3800,10000-60000
4.3,3.0,32.0,5.65,38,2.0,3000,10000-60000
4.5,8.0,128.0,6.7,64,1.0,4700,10000-60000
4.6,12.0,64.0,6.1,35,7.0,3500,10000-60000
4.1,2.0,32.0,5.5,38,5.0,4900,10000-60000
3.8,6.0,64.0,4.5,64,,3000,0-1000
3.8,6.0,64.0,4.5,64,,3000,0-1000
4.4,3.0,32.0,6.3,48,5.0,3800,1000-10000
3.9,6.0,32.0,4.5,48,,3000,0-1000
4.7,8.0,64.0,5.8,35,12.0,3500,10000-60000
4.3,3.0,64.0,5.7,35,20.0,3500,10000-60000
4.4,4.0,128.0,6.53,48,8.0,5000,10000-60000
,6.0,64.0,4.54,48,,2800,0-1000
4.2,12.0,24.0,4.77,48,,5000,1000-10000
4.3,2.0,32.0,6.1,8,5.0,3800,1000-10000
4.4,6.0,64.0,6.41,48,13.0,3600,10000-60000
,6.0,32.0,4.54,48,13.0,1900,1000-10000
3.9,6.0,64.0,4.54,48,,3600,1000-10000
4.0,4.0,32.0,5.7,38,2.0,3030,1000-10000
4.2,4.0,4.0,4.5,64,,3500,1000-10000
3.9,5.0,32.0,4.54,48,8.0,3000,0-1000
3.9,5.0,32.0,4.54,48,8.0,3000,1000-10000
3.9,1.0,16.0,4.58,48,8.0,3000,1000-10000
4.5,8.0,256.0,6.5,48,8.0,3800,10000-60000
4.0,6.0,32.0,4.77,48,,3000,1000-10000
3.8,12.0,56.0,4.57,48,13.0,3000,1000-10000
4.3,,64.0,4.4,64,13.0,3500,1000-10000
4.5,6.0,64.0,6.3,48,5.0,4045,10000-60000
3.9,6.0,32.0,4.54,48,13.0,3000,1000-10000
4.2,6.0,32.0,4.54,48,13.0,1750,1000-10000
4.0,6.0,32.0,4.5,48,13.0,3000,0-1000
3.9,12.0,12.0,4.54,48,,3000,1000-10000
3.6,6.0,32.0,4.54,38,20.0,1200,0-1000
3.6,6.0,32.0,4.54,38,0.0,1200,0-1000
3.8,3.0,32.0,6.2,48,8.0,3000,10000-60000
4.1,8.0,128.0,6.4,35,20.0,3000,10000-60000
3.9,6.0,32.0,4.77,48,,1750,1000-10000
4.1,4.0,64.0,5.9,38,2.0,3000,10000-60000
4.1,3.0,32.0,5.4,38,5.0,3000,1000-10000
4.3,1.0,16.0,4.5,48,8.0,3000,0-1000
4.3,1.0,16.0,4.5,48,8.0,3000,0-1000
4.3,4.0,64.0,6.2,38,2.0,4230,10000-60000
3.9,6.0,32.0,4.5,64,,3000,1000-10000
,6.0,32.0,4.5,64,15.0,3000,0-1000
3.9,6.0,32.0,4.5,48,15.0,3000,0-1000
,6.0,32.0,4.5,64,,3000,0-1000
4.2,4.0,4.0,4.5,64,13.0,3500,1000-10000
4.5,6.0,128.0,6.39,48,13.0,3800,10000-60000
4.3,4.0,4.0,4.77,64,,3500,1000-10000
3.4,4.0,64.0,5.5,48,5.0,3000,10000-60000
4.1,6.0,32.0,4.54,64,20.0,3500,0-1000
4.0,6.0,32.0,4.54,64,,2500,1000-10000
3.8,6.0,32.0,4.54,48,,2800,1000-10000
4.7,12.0,64.0,5.8,35,12.0,3500,10000-60000
3.7,10.0,32.0,4.5,64,,3500,0-1000
4.4,3.0,32.0,6.2,48,1.0,3800,1000-10000
3.5,6.0,32.0,4.5,64,,1050,0-1000
4.5,6.0,64.0,5.99,35,5.0,3800,10000-60000
3.8,6.0,32.0,4.4,48,,3800,0-1000
3.8,6.0,32.0,4.4,48,32.0,3800,0-1000
4.5,6.0,128.0,6.39,48,13.0,3800,10000-60000
3.8,6.0,32.0,4.54,64,23.0,4100,1000-10000
4.7,12.0,64.0,4.7,35,7.0,3500,10000-60000
3.9,3.0,16.0,5.0,38,5.0,2500,1000-10000
3.9,3.0,16.0,5.0,38,5.0,4200,1000-10000
4.7,8.0,64.0,6.1,35,12.0,3500,10000-60000
4.1,6.0,32.0,4.54,48,20.0,3000,1000-10000
4.1,6.0,32.0,4.54,64,,1200,1000-10000
4.6,12.0,64.0,5.5,35,12.0,3500,10000-60000
4.2,8.0,64.0,4.58,64,,1750,1000-10000
3.6,1.0,32.0,4.5,48,,3500,0-1000
3.6,6.0,35.0,4.5,64,,1050,0-1000
4.4,6.0,128.0,6.3,26,5.0,3000,10000-60000
4.3,3.0,32.0,5.65,38,2.0,3000,10000-60000
4.5,4.0,64.0,6.3,48,5.0,3260,10000-60000
4.2,8.0,128.0,6.59,35,5.0,3800,10000-60000
3.7,12.0,64.0,4.5,48,,1050,0-1000
3.9,4.0,24.0,4.77,48,,1750,0-1000
,6.0,32.0,4.5,25,,1080,0-1000
4.4,6.0,128.0,6.4,48,12.0,3800,10000-60000
,6.0,32.0,4.5,25,,1080,0-1000
4.0,6.0,32.0,3.7,16,,3000,0-1000
3.9,6.0,32.0,4.54,25,,3000,1000-10000
4.5,6.0,128.0,6.39,48,13.0,3000,10000-60000
4.1,6.0,64.0,4.5,48,,3000,0-1000
4.6,8.0,256.0,6.55,48,1.0,3000,10000-60000
4.6,8.0,128.0,6.55,48,1.0,3000,10000-60000
3.5,6.0,64.0,4.5,48,,3000,0-1000
4.5,6.0,64.0,5.5,35,12.0,3500,10000-60000
4.6,12.0,25.0,6.5,64,13.0,3800,10000-60000
4.5,8.0,128.0,6.5,64,13.0,3800,10000-60000
4.5,8.0,128.0,6.5,64,13.0,3800,10000-60000
4.4,2.0,32.0,6.22,38,5.0,4030,1000-10000
3.9,6.0,32.0,4.77,25,,3000,0-1000
4.5,6.0,128.0,6.4,64,8.0,6000,10000-60000
4.4,4.0,128.0,6.5,48,8.0,5000,10000-60000
4.5,6.0,64.0,4.7,35,5.0,3500,10000-60000
4.4,8.0,128.0,6.44,48,13.0,4440,10000-60000
4.0,2.0,32.0,6.2,38,2.0,3800,1000-10000
4.1,6.0,32.0,4.54,48,5.0,3000,1000-10000
3.8,6.0,32.0,4.7,64,5.0,5000,1000-10000
3.8,6.0,32.0,4.7,64,,3400,1000-10000
4.5,8.0,128.0,6.44,48,8.0,4700,10000-60000
4.7,8.0,64.0,6.1,35,12.0,3500,10000-60000
4.1,6.0,32.0,4.4,48,,2500,0-1000
4.0,6.0,32.0,3.7,16,23.0,3000,0-1000
3.0,8.0,64.0,4.54,48,23.0,3800,0-1000
4.1,6.0,32.0,3.7,64,,3500,0-1000
4.1,6.0,32.0,3.7,64,23.0,3500,0-1000
4.1,6.0,32.0,4.4,48,,2500,0-1000
4.5,4.0,128.0,6.38,48,8.0,4700,10000-60000
4.5,8.0,128.0,6.7,35,12.0,4700,10000-60000
4.3,6.0,64.0,6.5,48,8.0,5000,10000-60000
4.4,8.0,128.0,6.44,48,13.0,4440,10000-60000
4.4,8.0,256.0,6.44,48,13.0,4440,10000-60000
,8.0,64.0,4.5,16,,3000,0-1000
3.9,6.0,32.0,4.77,48,12.0,2800,0-1000
3.9,6.0,32.0,4.77,48,,2800,1000-10000
4.4,6.0,64.0,6.53,64,8.0,4700,10000-60000
4.3,,64.0,4.4,64,,3500,1000-10000
4.5,4.0,64.0,5.6,35,20.0,3000,10000-60000
3.9,6.0,32.0,4.5,64,,2000,0-1000
4.3,6.0,64.0,6.5,48,8.0,5000,10000-60000
4.1,6.0,32.0,4.7,48,12.0,3000,1000-10000
3.7,6.0,32.0,4.5,48,,3000,0-1000
4.3,6.0,128.0,5.99,35,12.0,3000,10000-60000
3.9,6.0,32.0,4.5,48,,3000,0-1000
4.0,6.0,32.0,4.5,48,12.0,4700,1000-10000
4.4,8.0,256.0,6.44,48,8.0,4700,10000-60000
3.6,6.0,64.0,4.5,48,,3500,0-1000
4.5,8.0,128.0,6.7,35,12.0,4700,10000-60000
4.1,6.0,32.0,44.0,48,,3000,0-1000
4.6,8.0,256.0,6.41,48,5.0,3000,10000-60000
4.0,8.0,64.0,4.77,48,,3500,1000-10000
3.9,6.0,32.0,4.54,48,12.0,1750,1000-10000
3.9,6.0,32.0,4.54,48,,3000,1000-10000
4.5,6.0,128.0,6.39,48,13.0,3800,10000-60000
4.4,8.0,128.0,6.7,64,12.0,4700,10000-60000
3.6,6.0,64.0,4.5,48,,3000,0-1000
4.4,8.0,128.0,6.4,64,13.0,4025,10000-60000
4.4,6.0,128.0,6.26,48,2.0,3750,10000-60000
3.5,6.0,64.0,4.5,48,,3000,0-1000
4.4,12.0,25.0,6.44,48,13.0,4440,10000-60000
4.2,4.0,4.0,4.54,48,,1020,1000-10000
4.5,8.0,256.0,6.6,48,13.0,4065,10000-60000
3.4,6.0,32.0,4.5,48,,1050,0-1000
3.4,6.0,32.0,4.5,48,,1050,0-1000
4.5,8.0,128.0,6.3,48,2.0,3500,10000-60000
3.7,8.0,64.0,4.5,64,,1050,0-1000
4.4,8.0,256.0,6.44,48,8.0,4700,10000-60000
4.2,6.0,32.0,4.54,64,,2500,1000-10000
4.2,6.0,32.0,4.54,48,15.0,2500,1000-10000
4.2,4.0,4.0,4.5,64,15.0,3500,1000-10000
3.6,8.0,64.0,4.54,64,15.0,2500,1000-10000
3.9,4.0,64.0,4.54,64,,1750,1000-10000
4.1,6.0,32.0,3.7,64,15.0,3500,0-1000
4.1,6.0,32.0,4.4,48,,2500,0-1000
4.1,6.0,32.0,4.54,48,20.0,3500,1000-10000
4.3,8.0,128.0,6.52,48,8.0,5000,10000-60000
3.7,6.0,64.0,4.54,48,,1500,0-1000
4.6,8.0,256.0,6.67,48,1.0,4085,10000-60000
4.3,6.0,32.0,4.58,64,,1750,1000-10000
4.4,6.0,128.0,6.5,48,5.0,4700,10000-60000
4.0,6.0,32.0,4.77,48,,3000,0-1000
4.1,8.0,64.0,4.77,48,18.0,3000,1000-10000
4.1,8.0,64.0,4.77,48,18.0,3000,1000-10000
4.1,8.0,64.0,4.77,48,18.0,3000,1000-10000
4.0,6.0,32.0,4.5,48,,3000,0-1000
4.5,6.0,128.0,6.4,64,8.0,6000,10000-60000
4.5,4.0,64.0,5.6,35,20.0,3000,10000-60000
3.8,12.0,64.0,4.54,48,,2800,1000-10000
4.5,8.0,256.0,6.5,48,8.0,3800,10000-60000
4.5,8.0,128.0,6.7,48,12.0,4700,10000-60000
3.9,6.0,32.0,4.4,64,22.0,3500,0-1000
4.3,4.0,128.0,6.4,48,8.0,3800,10000-60000
4.5,6.0,64.0,6.3,48,2.0,3500,10000-60000
3.7,6.0,32.0,4.5,64,,1050,0-1000
4.5,8.0,128.0,6.44,48,13.0,4100,10000-60000
4.1,6.0,32.0,4.5,48,,3000,0-1000
4.5,4.0,64.0,6.26,35,5.0,3000,10000-60000
4.1,6.0,32.0,4.5,48,,3000,0-1000
4.3,4.0,4.0,4.5,64,,3500,1000-10000
3.4,6.0,64.0,4.5,48,,3000,0-1000
4.4,6.0,128.0,6.53,64,8.0,4550,10000-60000
4.5,8.0,128.0,6.7,48,12.0,4700,10000-60000
3.7,4.0,64.0,5.99,38,13.0,3800,10000-60000
4.5,6.0,128.0,6.18,35,5.0,3800,10000-60000
4.4,8.0,128.0,6.7,64,5.0,4700,10000-60000
4.5,8.0,256.0,6.18,35,5.0,3800,10000-60000
3.9,6.0,32.0,4.54,64,,4100,1000-10000
4.4,4.0,128.0,6.53,48,2.0,3500,10000-60000
3.8,6.0,32.0,4.5,64,,1050,1000-10000
3.8,6.0,32.0,4.7,64,22.0,2500,1000-10000
,2.0,16.0,5.5,8,,4200,1000-10000
4.1,6.0,32.0,3.7,64,22.0,3500,0-1000
4.5,6.0,64.0,6.26,35,5.0,3000,10000-60000
3.8,6.0,32.0,4.77,48,,3000,0-1000
3.8,6.0,32.0,4.77,48,5.0,4700,0-1000
3.0,8.0,64.0,4.54,48,,3800,0-1000
4.4,4.0,64.0,6.35,38,2.0,5000,10000-60000
3.4,6.0,64.0,4.54,20,,3500,1000-10000
3.4,6.0,64.0,4.54,20,5.0,3500,1000-10000
4.0,6.0,32.0,4.54,64,,2500,1000-10000
4.4,4.0,128.0,6.53,48,2.0,3500,10000-60000
4.2,12.0,24.0,4.77,48,,3500,0-1000
4.6,8.0,128.0,6.67,26,20.0,4780,10000-60000
4.6,8.0,256.0,6.67,26,20.0,4780,10000-60000
3.5,6.0,64.0,4.5,48,5.0,3000,1000-10000
3.5,6.0,64.0,4.5,48,,3000,1000-10000
4.0,2.0,32.0,6.2,38,2.0,3800,1000-10000
4.1,6.0,32.0,4.7,48,,3800,1000-10000
3.6,6.0,64.0,4.5,48,5.0,3000,1000-10000
4.3,4.0,128.0,6.59,48,8.0,3800,10000-60000
4.4,6.0,128.0,6.38,48,8.0,4700,10000-60000
3.9,8.0,8.0,4.58,48,,1900,1000-10000
4.4,8.0,128.0,6.7,48,8.0,3000,10000-60000
3.9,6.0,32.0,4.58,48,,3000,1000-10000
3.9,6.0,32.0,4.58,48,,3000,1000-10000
3.6,6.0,32.0,4.5,48,8.0,3000,0-1000
3.7,6.0,32.0,4.5,48,,3000,0-1000
3.7,6.0,64.0,4.54,48,8.0,1500,0-1000
4.3,4.0,4.0,4.77,64,,3500,1000-10000
4.4,6.0,128.0,6.26,48,2.0,3750,10000-60000
4.5,8.0,256.0,6.39,48,13.0,3800,10000-60000
3.4,6.0,64.0,4.5,48,,3000,1000-10000
3.8,4.0,64.0,4.54,48,,1200,1000-10000
3.8,6.0,32.0,4.54,48,,2800,1000-10000
3.8,6.0,32.0,4.54,25,11.0,3800,1000-10000
3.9,6.0,32.0,4.54,48,13.0,3000,1000-10000
4.3,4.0,4.0,4.5,64,14.0,3500,1000-10000
4.1,8.0,64.0,4.77,48,,3000,1000-10000
4.5,8.0,256.0,6.18,35,5.0,3800,10000-60000
3.5,6.0,64.0,4.5,48,20.0,3000,1000-10000
2.8,1.0,8.0,5.0,8,,2000,1000-10000
2.8,1.0,8.0,5.0,8,,2000,1000-10000
4.6,8.0,256.0,6.41,48,5.0,3000,10000-60000
4.6,6.0,128.0,6.41,48,5.0,3000,10000-60000
4.5,8.0,128.0,6.7,48,12.0,4700,10000-60000
3.9,6.0,32.0,4.4,64,,3500,0-1000
4.5,8.0,256.0,6.5,48,8.0,3800,10000-60000
3.4,6.0,64.0,4.54,20,,3500,0-1000
4.3,4.0,128.0,6.4,48,8.0,3800,10000-60000
4.5,6.0,64.0,6.3,48,2.0,3350,10000-60000
3.7,6.0,32.0,4.5,64,,1050,0-1000
4.2,6.0,128.0,6.7,64,5.0,4700,10000-60000
4.5,8.0,128.0,6.44,48,13.0,4100,10000-60000
4.1,6.0,32.0,4.5,48,,3000,0-1000
4.1,6.0,32.0,4.5,48,,3000,0-1000
4.3,4.0,128.0,6.0,48,13.0,3000,10000-60000
4.3,4.0,4.0,4.5,64,,3500,1000-10000
3.4,6.0,64.0,4.5,48,,4700,0-1000
4.4,6.0,64.0,6.4,48,5.0,3800,10000-60000
4.7,8.0,64.0,5.8,35,12.0,3500,10000-60000
4.5,8.0,128.0,6.7,48,12.0,4700,10000-60000
4.4,8.0,128.0,6.7,64,5.0,4700,10000-60000
3.7,4.0,64.0,5.99,38,13.0,3800,10000-60000
4.5,6.0,128.0,6.18,35,5.0,3800,10000-60000
4.5,8.0,256.0,6.18,35,5.0,3800,10000-60000
4.4,4.0,128.0,6.53,48,2.0,4020,10000-60000
3.9,6.0,32.0,4.54,64,11.0,4100,1000-10000
3.8,6.0,32.0,4.5,64,,3500,1000-10000
3.8,6.0,32.0,4.7,64,12.0,2000,1000-10000
,2.0,16.0,5.5,8,,4200,1000-10000
4.1,6.0,32.0,3.7,64,,3500,0-1000
4.5,8.0,256.0,6.67,48,8.0,3800,10000-60000
4.6,6.0,128.0,6.67,48,8.0,3800,10000-60000
4.5,8.0,128.0,6.7,48,12.0,4700,10000-60000
4.1,8.0,64.0,4.54,64,,2500,1000-10000
4.5,8.0,64.0,4.7,35,7.0,3500,10000-60000
4.5,8.0,128.0,6.7,64,1.0,4700,10000-60000
3.7,6.0,32.0,2.0,64,,1550,1000-10000
3.8,6.0,32.0,4.54,25,15.0,2500,1000-10000
4.0,6.0,32.0,4.54,48,11.0,1900,1000-10000
4.2,4.0,3.0,4.77,48,,1750,1000-10000
3.8,6.0,32.0,4.54,48,,3000,1000-10000
4.7,8.0,64.0,6.5,35,12.0,3500,10000-60000
4.7,8.0,64.0,5.8,35,12.0,3500,10000-60000
4.6,8.0,128.0,6.1,48,12.0,3000,10000-60000
4.1,10.0,25.0,6.41,48,2.0,3000,10000-60000
4.2,12.0,24.0,4.77,48,,3000,1000-10000
4.1,3.0,32.0,5.7,38,1.0,2900,1000-10000
4.2,4.0,64.0,4.5,64,22.0,3500,1000-10000
4.2,4.0,64.0,4.5,64,,3000,1000-10000
4.2,6.0,32.0,4.54,48,22.0,1750,1000-10000
3.5,6.0,64.0,4.5,48,22.0,3000,1000-10000
3.5,8.0,25.0,4.5,48,22.0,3500,0-1000
3.6,6.0,64.0,4.54,48,14.0,3000,0-1000
3.8,12.0,24.0,2.0,64,14.0,1550,1000-10000
3.7,6.0,32.0,4.77,48,12.0,1750,0-1000
,6.0,32.0,4.5,64,21.0,3000,0-1000
,6.0,32.0,4.5,64,32.0,3000,0-1000
,6.0,32.0,4.5,64,,3000,0-1000
,6.0,32.0,4.5,64,12.0,3000,0-1000
3.9,6.0,32.0,4.5,48,,3000,0-1000
4.3,1.0,16.0,4.5,48,8.0,3000,0-1000
4.3,1.0,16.0,4.5,48,8.0,3000,0-1000
4.5,6.0,128.0,6.39,48,13.0,4030,10000-60000
4.2,4.0,4.0,4.5,64,13.0,3500,1000-10000
4.1,4.0,64.0,5.9,38,2.0,3000,10000-60000
4.3,4.0,4.0,4.77,64,,3500,1000-10000
4.5,8.0,128.0,6.44,48,13.0,4100,10000-60000
3.4,4.0,64.0,5.5,48,5.0,3000,10000-60000
4.1,6.0,32.0,4.54,64,20.0,3500,0-1000
4.4,6.0,64.0,6.4,48,5.0,3800,10000-60000
4.2,4.0,4.0,4.5,64,13.0,3500,1000-10000
4.4,2.0,16.0,6.22,38,5.0,4030,1000-10000
4.1,4.0,40.0,4.77,48,,3000,1000-10000
3.8,4.0,64.0,4.54,48,13.0,1200,1000-10000
4.0,6.0,32.0,4.54,64,11.0,2500,1000-10000
3.5,6.0,32.0,4.52,48,,3500,1000-10000
4.7,8.0,64.0,6.5,35,12.0,3500,10000-60000
4.4,6.0,128.0,6.39,48,12.0,3800,10000-60000
4.6,4.0,64.0,6.2,35,8.0,3500,10000-60000
4.1,8.0,64.0,4.54,64,,2500,1000-10000
3.6,6.0,32.0,4.5,48,,3000,0-1000
4.3,4.0,64.0,6.2,38,2.0,4230,10000-60000
3.9,6.0,32.0,4.5,64,,3000,1000-10000
4.3,4.0,4.0,4.77,64,,3500,1000-10000
4.1,4.0,64.0,5.9,38,2.0,3000,10000-60000
4.2,4.0,4.0,4.5,64,13.0,3500,1000-10000
4.5,6.0,128.0,6.39,48,13.0,3800,10000-60000
3.4,4.0,64.0,5.5,48,5.0,3000,10000-60000
4.1,6.0,32.0,4.54,64,20.0,3500,0-1000
4.2,4.0,4.0,4.5,64,13.0,3500,1000-10000
4.4,2.0,16.0,6.22,38,5.0,4030,1000-10000
4.4,6.0,64.0,6.4,48,5.0,3800,10000-60000
4.0,6.0,32.0,4.54,64,,2500,1000-10000
3.8,4.0,64.0,4.54,48,15.0,1200,1000-10000
4.1,4.0,40.0,4.77,48,15.0,3000,1000-10000
3.5,6.0,32.0,4.52,48,,3500,1000-10000
4.7,8.0,64.0,6.5,35,12.0,3500,10000-60000
4.6,4.0,64.0,6.2,35,8.0,3500,10000-60000
4.4,6.0,128.0,6.39,48,12.0,3800,10000-60000
3.6,6.0,32.0,4.5,48,,3000,0-1000
3.8,6.0,32.0,4.54,48,12.0,2800,1000-10000
4.1,8.0,64.0,4.54,64,,2500,1000-10000
4.4,3.0,32.0,6.2,48,1.0,3800,1000-10000
3.7,10.0,32.0,4.5,64,,3500,0-1000
3.5,6.0,32.0,4.5,64,15.0,1050,0-1000
