dataset,name,perc,0,1,2,3,4,5,6,7,8,9,10,11,12,13,14,15,16,17,18,19,20,21,22,23,24,25,26,27,28,29,30,31,32,33,34,mean,median
character,Strength,50,0.15924751666684356,0.15924751666684356,0.15924751666684356,0.15924751666684356,0.15924751666684356,0.15924751666684356,0.15924751666684356,0.16227407825160445,0.16227407825160445,0.16227407825160445,0.16227407825160445,0.16227407825160445,0.16227407825160445,0.16227407825160445,0.1801310340240947,0.1801310340240947,0.1801310340240947,0.1801310340240947,0.1801310340240947,0.1801310340240947,0.1801310340240947,0.1847896721350284,0.1847896721350284,0.1847896721350284,0.1847896721350284,0.1847896721350284,0.1847896721350284,0.1847896721350284,0.18511223654874054,0.18511223654874054,0.18511223654874054,0.18511223654874054,0.18511223654874054,0.18511223654874054,0.18511223654874054
character,Intelligence,50,0.15907677255099228,0.15907677255099228,0.15907677255099228,0.15907677255099228,0.15907677255099228,0.15907677255099228,0.15907677255099228,0.1621016807390916,0.1621016807390916,0.1621016807390916,0.1621016807390916,0.1621016807390916,0.1621016807390916,0.1621016807390916,0.17994855583588165,0.17994855583588165,0.17994855583588165,0.17994855583588165,0.17994855583588165,0.17994855583588165,0.17994855583588165,0.18461040133232343,0.18461040133232343,0.18461040133232343,0.18461040133232343,0.18461040133232343,0.18461040133232343,0.18461040133232343,0.18493559597158238,0.18493559597158238,0.18493559597158238,0.18493559597158238,0.18493559597158238,0.18493559597158238,0.18493559597158238
character,Strength,60,0.15926462796089946,0.15926462796089946,0.15926462796089946,0.15926462796089946,0.15926462796089946,0.15926462796089946,0.15926462796089946,0.16228437094767378,0.16228437094767378,0.16228437094767378,0.16228437094767378,0.16228437094767378,0.16228437094767378,0.16228437094767378,0.18009667397927775,0.18009667397927775,0.18009667397927775,0.18009667397927775,0.18009667397927775,0.18009667397927775,0.18009667397927775,0.18476364886240626,0.18476364886240626,0.18476364886240626,0.18476364886240626,0.18476364886240626,0.18476364886240626,0.18476364886240626,0.18509716694421208,0.18509716694421208,0.18509716694421208,0.18509716694421208,0.18509716694421208,0.18509716694421208,0.18509716694421208
character,Intelligence,60,0.15911212953771448,0.15911212953771448,0.15911212953771448,0.15911212953771448,0.15911212953771448,0.15911212953771448,0.15911212953771448,0.16213269901528782,0.16213269901528782,0.16213269901528782,0.16213269901528782,0.16213269901528782,0.16213269901528782,0.16213269901528782,0.17995417790863144,0.17995417790863144,0.17995417790863144,0.17995417790863144,0.17995417790863144,0.17995417790863144,0.17995417790863144,0.1846161561941475,0.1846161561941475,0.1846161561941475,0.1846161561941475,0.1846161561941475,0.1846161561941475,0.1846161561941475,0.18494969566116282,0.18494969566116282,0.18494969566116282,0.18494969566116282,0.18494969566116282,0.18494969566116282,0.18494969566116282
character,Strength,70,0.15943719787470378,0.15943719787470378,0.15943719787470378,0.15943719787470378,0.15943719787470378,0.15943719787470378,0.15943719787470378,0.16243724509520208,0.16243724509520208,0.16243724509520208,0.16243724509520208,0.16243724509520208,0.16243724509520208,0.16243724509520208,0.18016568551374357,0.18016568551374357,0.18016568551374357,0.18016568551374357,0.18016568551374357,0.18016568551374357,0.18016568551374357,0.18484953450591513,0.18484953450591513,0.18484953450591513,0.18484953450591513,0.18484953450591513,0.18484953450591513,0.18484953450591513,0.18519851311879165,0.18519851311879165,0.18519851311879165,0.18519851311879165,0.18519851311879165,0.18519851311879165,0.18519851311879165
character,Intelligence,70,0.15928023528777613,0.15928023528777613,0.15928023528777613,0.15928023528777613,0.15928023528777613,0.15928023528777613,0.15928023528777613,0.16228830458730825,0.16228830458730825,0.16228830458730825,0.16228830458730825,0.16228830458730825,0.16228830458730825,0.16228830458730825,0.180045018566231,0.180045018566231,0.180045018566231,0.180045018566231,0.180045018566231,0.180045018566231,0.180045018566231,0.18470681312252224,0.18470681312252224,0.18470681312252224,0.18470681312252224,0.18470681312252224,0.18470681312252224,0.18470681312252224,0.18505605067377384,0.18505605067377384,0.18505605067377384,0.18505605067377384,0.18505605067377384,0.18505605067377384,0.18505605067377384
character,Strength,80,0.15984443125424108,0.15984443125424108,0.15984443125424108,0.15984443125424108,0.15984443125424108,0.15984443125424108,0.15984443125424108,0.162816328972202,0.162816328972202,0.162816328972202,0.162816328972202,0.162816328972202,0.162816328972202,0.162816328972202,0.18041444980600285,0.18041444980600285,0.18041444980600285,0.18041444980600285,0.18041444980600285,0.18041444980600285,0.18041444980600285,0.18512256072791367,0.18512256072791367,0.18512256072791367,0.18512256072791367,0.18512256072791367,0.18512256072791367,0.18512256072791367,0.18549611843000324,0.18549611843000324,0.18549611843000324,0.18549611843000324,0.18549611843000324,0.18549611843000324,0.18549611843000324
character,Intelligence,80,0.15976658308098002,0.15976658308098002,0.15976658308098002,0.15976658308098002,0.15976658308098002,0.15976658308098002,0.15976658308098002,0.16274280296172372,0.16274280296172372,0.16274280296172372,0.16274280296172372,0.16274280296172372,0.16274280296172372,0.16274280296172372,0.1803579778881389,0.1803579778881389,0.1803579778881389,0.1803579778881389,0.1803579778881389,0.1803579778881389,0.1803579778881389,0.18505274591819187,0.18505274591819187,0.18505274591819187,0.18505274591819187,0.18505274591819187,0.18505274591819187,0.18505274591819187,0.18542794448971678,0.18542794448971678,0.18542794448971678,0.18542794448971678,0.18542794448971678,0.18542794448971678,0.18542794448971678
character,Strength,90,0.16116702291365037,0.16116702291365037,0.16116702291365037,0.16116702291365037,0.16116702291365037,0.16116702291365037,0.16116702291365037,0.1640503617414396,0.1640503617414396,0.1640503617414396,0.1640503617414396,0.1640503617414396,0.1640503617414396,0.1640503617414396,0.18125738545893422,0.18125738545893422,0.18125738545893422,0.18125738545893422,0.18125738545893422,0.18125738545893422,0.18125738545893422,0.18601638579563373,0.18601638579563373,0.18601638579563373,0.18601638579563373,0.18601638579563373,0.18601638579563373,0.18601638579563373,0.1864693453182431,0.1864693453182431,0.1864693453182431,0.1864693453182431,0.1864693453182431,0.1864693453182431,0.1864693453182431
character,Intelligence,90,0.16123230228273644,0.16123230228273644,0.16123230228273644,0.16123230228273644,0.16123230228273644,0.16123230228273644,0.16123230228273644,0.16410936837626933,0.16410936837626933,0.16410936837626933,0.16410936837626933,0.16410936837626933,0.16410936837626933,0.16410936837626933,0.18128997870451113,0.18128997870451113,0.18128997870451113,0.18128997870451113,0.18128997870451113,0.18128997870451113,0.18128997870451113,0.1860456954678833,0.1860456954678833,0.1860456954678833,0.1860456954678833,0.1860456954678833,0.1860456954678833,0.1860456954678833,0.1865056498356591,0.1865056498356591,0.1865056498356591,0.1865056498356591,0.1865056498356591,0.1865056498356591,0.1865056498356591
consumer,CustomerAge,50,0.16277207876873512,0.16277207876873512,0.16277207876873512,0.16277207876873512,0.16277207876873512,0.16277207876873512,0.16277207876873512,0.16579334656655886,0.16579334656655886,0.16579334656655886,0.16579334656655886,0.16579334656655886,0.16579334656655886,0.16579334656655886,0.18358580722866036,0.18358580722866036,0.18358580722866036,0.18358580722866036,0.18358580722866036,0.18358580722866036,0.18358580722866036,0.1882253717841028,0.1882253717841028,0.1882253717841028,0.1882253717841028,0.1882253717841028,0.1882253717841028,0.1882253717841028,0.18854440641129866,0.18854440641129866,0.18854440641129866,0.18854440641129866,0.18854440641129866,0.18854440641129866,0.18854440641129866
consumer,CustomerSatisfaction,50,0.15177749304286592,0.15177749304286592,0.15177749304286592,0.15177749304286592,0.15177749304286592,0.15177749304286592,0.15177749304286592,0.1548408089096256,0.1548408089096256,0.1548408089096256,0.1548408089096256,0.1548408089096256,0.1548408089096256,0.1548408089096256,0.17286830401239905,0.17286830401239905,0.17286830401239905,0.17286830401239905,0.17286830401239905,0.17286830401239905,0.17286830401239905,0.17756756476258218,0.17756756476258218,0.17756756476258218,0.17756756476258218,0.17756756476258218,0.17756756476258218,0.17756756476258218,0.1778917293757898,0.1778917293757898,0.1778917293757898,0.1778917293757898,0.1778917293757898,0.1778917293757898,0.1778917293757898
consumer,CustomerAge,60,0.16256623596749253,0.16256623596749253,0.16256623596749253,0.16256623596749253,0.16256623596749253,0.16256623596749253,0.16256623596749253,0.1655863691773911,0.1655863691773911,0.1655863691773911,0.1655863691773911,0.1655863691773911,0.1655863691773911,0.1655863691773911,0.18337162324875833,0.18337162324875833,0.18337162324875833,0.18337162324875833,0.18337162324875833,0.18337162324875833,0.18337162324875833,0.18801410725875256,0.18801410725875256,0.18801410725875256,0.18801410725875256,0.18801410725875256,0.18801410725875256,0.18801410725875256,0.18833647329488634,0.18833647329488634,0.18833647329488634,0.18833647329488634,0.18833647329488634,0.18833647329488634,0.18833647329488634
consumer,CustomerSatisfaction,60,0.1518071696609241,0.1518071696609241,0.1518071696609241,0.1518071696609241,0.1518071696609241,0.1518071696609241,0.1518071696609241,0.15486833309171388,0.15486833309171388,0.15486833309171388,0.15486833309171388,0.15486833309171388,0.15486833309171388,0.15486833309171388,0.1728841283264716,0.1728841283264716,0.1728841283264716,0.1728841283264716,0.1728841283264716,0.1728841283264716,0.1728841283264716,0.17758555030760703,0.17758555030760703,0.17758555030760703,0.17758555030760703,0.17758555030760703,0.17758555030760703,0.17758555030760703,0.17791219507665124,0.17791219507665124,0.17791219507665124,0.17791219507665124,0.17791219507665124,0.17791219507665124,0.17791219507665124
consumer,CustomerAge,70,0.16241442225971636,0.16241442225971636,0.16241442225971636,0.16241442225971636,0.16241442225971636,0.16241442225971636,0.16241442225971636,0.16543136918514845,0.16543136918514845,0.16543136918514845,0.16543136918514845,0.16543136918514845,0.16543136918514845,0.16543136918514845,0.18320188702150308,0.18320188702150308,0.18320188702150308,0.18320188702150308,0.18320188702150308,0.18320188702150308,0.18320188702150308,0.18784750517029625,0.18784750517029625,0.18784750517029625,0.18784750517029625,0.18784750517029625,0.18784750517029625,0.18784750517029625,0.18817424268997118,0.18817424268997118,0.18817424268997118,0.18817424268997118,0.18817424268997118,0.18817424268997118,0.18817424268997118
consumer,CustomerSatisfaction,70,0.15185482341271017,0.15185482341271017,0.15185482341271017,0.15185482341271017,0.15185482341271017,0.15185482341271017,0.15185482341271017,0.1549122253479186,0.1549122253479186,0.1549122253479186,0.1549122253479186,0.1549122253479186,0.1549122253479186,0.1549122253479186,0.17290941887974276,0.17290941887974276,0.17290941887974276,0.17290941887974276,0.17290941887974276,0.17290941887974276,0.17290941887974276,0.17761358481845801,0.17761358481845801,0.17761358481845801,0.17761358481845801,0.17761358481845801,0.17761358481845801,0.17761358481845801,0.17794426503315597,0.17794426503315597,0.17794426503315597,0.17794426503315597,0.17794426503315597,0.17794426503315597,0.17794426503315597
consumer,CustomerAge,80,0.16232267653184718,0.16232267653184718,0.16232267653184718,0.16232267653184718,0.16232267653184718,0.16232267653184718,0.16232267653184718,0.1653329197368707,0.1653329197368707,0.1653329197368707,0.1653329197368707,0.1653329197368707,0.1653329197368707,0.1653329197368707,0.1830731149460425,0.1830731149460425,0.1830731149460425,0.1830731149460425,0.1830731149460425,0.1830731149460425,0.1830731149460425,0.18772449336665353,0.18772449336665353,0.18772449336665353,0.18772449336665353,0.18772449336665353,0.18772449336665353,0.18772449336665353,0.188058526173693,0.188058526173693,0.188058526173693,0.188058526173693,0.188058526173693,0.188058526173693,0.188058526173693
consumer,CustomerSatisfaction,80,0.1519516660482343,0.1519516660482343,0.1519516660482343,0.1519516660482343,0.1519516660482343,0.1519516660482343,0.1519516660482343,0.15500171733352275,0.15500171733352275,0.15500171733352275,0.15500171733352275,0.15500171733352275,0.15500171733352275,0.15500171733352275,0.17296678911958185,0.17296678911958185,0.17296678911958185,0.17296678911958185,0.17296678911958185,0.17296678911958185,0.17296678911958185,0.17767733921408968,0.17767733921408968,0.17767733921408968,0.17767733921408968,0.17767733921408968,0.17767733921408968,0.17767733921408968,0.17801359595745414,0.17801359595745414,0.17801359595745414,0.17801359595745414,0.17801359595745414,0.17801359595745414,0.17801359595745414
consumer,CustomerAge,90,0.16243068713364128,0.16243068713364128,0.16243068713364128,0.16243068713364128,0.16243068713364128,0.16243068713364128,0.16243068713364128,0.1654183731288409,0.1654183731288409,0.1654183731288409,0.1654183731288409,0.1654183731288409,0.1654183731288409,0.1654183731288409,0.18305792924223807,0.18305792924223807,0.18305792924223807,0.18305792924223807,0.18305792924223807,0.18305792924223807,0.18305792924223807,0.18772023171718344,0.18772023171718344,0.18772023171718344,0.18772023171718344,0.18772023171718344,0.18772023171718344,0.18772023171718344,0.18807682336861586,0.18807682336861586,0.18807682336861586,0.18807682336861586,0.18807682336861586,0.18807682336861586,0.18807682336861586
consumer,CustomerSatisfaction,90,0.1522615977107069,0.1522615977107069,0.1522615977107069,0.1522615977107069,0.1522615977107069,0.1522615977107069,0.1522615977107069,0.15529135909542147,0.15529135909542147,0.15529135909542147,0.15529135909542147,0.15529135909542147,0.15529135909542147,0.15529135909542147,0.17316326617126965,0.17316326617126965,0.17316326617126965,0.17316326617126965,0.17316326617126965,0.17316326617126965,0.17316326617126965,0.17788406217092712,0.17788406217092712,0.17788406217092712,0.17788406217092712,0.17788406217092712,0.17788406217092712,0.17788406217092712,0.17824032266931855,0.17824032266931855,0.17824032266931855,0.17824032266931855,0.17824032266931855,0.17824032266931855,0.17824032266931855
galaxy,eastwest,50,0.21214661396272594,0.21214661396272594,0.21214661396272594,0.21214661396272594,0.21214661396272594,0.21214661396272594,0.21214661396272594,0.22473445277713888,0.22473445277713888,0.22473445277713888,0.22473445277713888,0.22473445277713888,0.22473445277713888,0.22473445277713888,0.23242455422530217,0.23242455422530217,0.23242455422530217,0.23242455422530217,0.23242455422530217,0.23242455422530217,0.23242455422530217,0.23307949499217195,0.23307949499217195,0.23307949499217195,0.23307949499217195,0.23307949499217195,0.23307949499217195,0.23307949499217195,0.2487918670932392,0.2487918670932392,0.2487918670932392,0.2487918670932392,0.2487918670932392,0.2487918670932392,0.2487918670932392
galaxy,northsouth,50,0.12410861849696597,0.12410861849696597,0.12410861849696597,0.12410861849696597,0.12410861849696597,0.12410861849696597,0.12410861849696597,0.13229311608665895,0.13229311608665895,0.13229311608665895,0.13229311608665895,0.13229311608665895,0.13229311608665895,0.13229311608665895,0.1478619685065674,0.1478619685065674,0.1478619685065674,0.1478619685065674,0.1478619685065674,0.1478619685065674,0.1478619685065674,0.15118525389181214,0.15118525389181214,0.15118525389181214,0.15118525389181214,0.15118525389181214,0.15118525389181214,0.15118525389181214,0.16978257883871128,0.16978257883871128,0.16978257883871128,0.16978257883871128,0.16978257883871128,0.16978257883871128,0.16978257883871128
galaxy,radialposition,50,0.11540231623577657,0.11540231623577657,0.11540231623577657,0.11540231623577657,0.11540231623577657,0.11540231623577657,0.11540231623577657,0.12375248937947092,0.12375248937947092,0.12375248937947092,0.12375248937947092,0.12375248937947092,0.12375248937947092,0.12375248937947092,0.13976847628638323,0.13976847628638323,0.13976847628638323,0.13976847628638323,0.13976847628638323,0.13976847628638323,0.13976847628638323,0.1427622814175844,0.1427622814175844,0.1427622814175844,0.1427622814175844,0.1427622814175844,0.1427622814175844,0.1427622814175844,0.16176179145516079,0.16176179145516079,0.16176179145516079,0.16176179145516079,0.16176179145516079,0.16176179145516079,0.16176179145516079
galaxy,eastwest,60,0.22369618626402232,0.22369618626402232,0.22369618626402232,0.22369618626402232,0.22369618626402232,0.22369618626402232,0.22369618626402232,0.23352574113880864,0.23352574113880864,0.23352574113880864,0.23352574113880864,0.23352574113880864,0.23352574113880864,0.23352574113880864,0.24441173641443914,0.24441173641443914,0.24441173641443914,0.24441173641443914,0.24441173641443914,0.24441173641443914,0.24441173641443914,0.24655523911239552,0.24655523911239552,0.24655523911239552,0.24655523911239552,0.24655523911239552,0.24655523911239552,0.24655523911239552,0.2635123952758115,0.2635123952758115,0.2635123952758115,0.2635123952758115,0.2635123952758115,0.2635123952758115,0.2635123952758115
galaxy,northsouth,60,0.1414900499757895,0.1414900499757895,0.1414900499757895,0.1414900499757895,0.1414900499757895,0.1414900499757895,0.1414900499757895,0.14514080795614925,0.14514080795614925,0.14514080795614925,0.14514080795614925,0.14514080795614925,0.14514080795614925,0.14514080795614925,0.16523631276235418,0.16523631276235418,0.16523631276235418,0.16523631276235418,0.16523631276235418,0.16523631276235418,0.16523631276235418,0.17288312898730418,0.17288312898730418,0.17288312898730418,0.17288312898730418,0.17288312898730418,0.17288312898730418,0.17288312898730418,0.19263705506725592,0.19263705506725592,0.19263705506725592,0.19263705506725592,0.19263705506725592,0.19263705506725592,0.19263705506725592
galaxy,radialposition,60,0.11986181855596012,0.11986181855596012,0.11986181855596012,0.11986181855596012,0.11986181855596012,0.11986181855596012,0.11986181855596012,0.12823802251718863,0.12823802251718863,0.12823802251718863,0.12823802251718863,0.12823802251718863,0.12823802251718863,0.12823802251718863,0.14455653458982243,0.14455653458982243,0.14455653458982243,0.14455653458982243,0.14455653458982243,0.14455653458982243,0.14455653458982243,0.14727671956491006,0.14727671956491006,0.14727671956491006,0.14727671956491006,0.14727671956491006,0.14727671956491006,0.14727671956491006,0.16641480765044658,0.16641480765044658,0.16641480765044658,0.16641480765044658,0.16641480765044658,0.16641480765044658,0.16641480765044658
galaxy,eastwest,70,0.23588487702256022,0.23588487702256022,0.23588487702256022,0.23588487702256022,0.23588487702256022,0.23588487702256022,0.23588487702256022,0.2426076412009306,0.2426076412009306,0.2426076412009306,0.2426076412009306,0.2426076412009306,0.2426076412009306,0.2426076412009306,0.2538002675886347,0.2538002675886347,0.2538002675886347,0.2538002675886347,0.2538002675886347,0.2538002675886347,0.2538002675886347,0.26137549061958043,0.26137549061958043,0.26137549061958043,0.26137549061958043,0.26137549061958043,0.26137549061958043,0.26137549061958043,0.2780772332546918,0.2780772332546918,0.2780772332546918,0.2780772332546918,0.2780772332546918,0.2780772332546918,0.2780772332546918
galaxy,northsouth,70,0.1428534580280193,0.1428534580280193,0.1428534580280193,0.1428534580280193,0.1428534580280193,0.1428534580280193,0.1428534580280193,0.14599068132992832,0.14599068132992832,0.14599068132992832,0.14599068132992832,0.14599068132992832,0.14599068132992832,0.14599068132992832,0.16386471000406566,0.16386471000406566,0.16386471000406566,0.16386471000406566,0.16386471000406566,0.16386471000406566,0.16386471000406566,0.17466237046164645,0.17466237046164645,0.17466237046164645,0.17466237046164645,0.17466237046164645,0.17466237046164645,0.17466237046164645,0.1921226072001455,0.1921226072001455,0.1921226072001455,0.1921226072001455,0.1921226072001455,0.1921226072001455,0.1921226072001455
galaxy,radialposition,70,0.12558282069538707,0.12558282069538707,0.12558282069538707,0.12558282069538707,0.12558282069538707,0.12558282069538707,0.12558282069538707,0.1299667959498002,0.1299667959498002,0.1299667959498002,0.1299667959498002,0.1299667959498002,0.1299667959498002,0.1299667959498002,0.1471369855528325,0.1471369855528325,0.1471369855528325,0.1471369855528325,0.1471369855528325,0.1471369855528325,0.1471369855528325,0.1564072093410318,0.1564072093410318,0.1564072093410318,0.1564072093410318,0.1564072093410318,0.1564072093410318,0.1564072093410318,0.17440104972044312,0.17440104972044312,0.17440104972044312,0.17440104972044312,0.17440104972044312,0.17440104972044312,0.17440104972044312
galaxy,eastwest,80,0.24507782311685156,0.24507782311685156,0.24507782311685156,0.24507782311685156,0.24507782311685156,0.24507782311685156,0.24507782311685156,0.24955471661483286,0.24955471661483286,0.24955471661483286,0.24955471661483286,0.24955471661483286,0.24955471661483286,0.24955471661483286,0.2632587007109276,0.2632587007109276,0.2632587007109276,0.2632587007109276,0.2632587007109276,0.2632587007109276,0.2632587007109276,0.27243895044574085,0.27243895044574085,0.27243895044574085,0.27243895044574085,0.27243895044574085,0.27243895044574085,0.27243895044574085,0.2895940568088753,0.2895940568088753,0.2895940568088753,0.2895940568088753,0.2895940568088753,0.2895940568088753,0.2895940568088753
galaxy,northsouth,80,0.15132088723843995,0.15132088723843995,0.15132088723843995,0.15132088723843995,0.15132088723843995,0.15132088723843995,0.15132088723843995,0.15243213383733645,0.15243213383733645,0.15243213383733645,0.15243213383733645,0.15243213383733645,0.15243213383733645,0.15243213383733645,0.16939603828628824,0.16939603828628824,0.16939603828628824,0.16939603828628824,0.16939603828628824,0.16939603828628824,0.16939603828628824,0.18744408443360505,0.18744408443360505,0.18744408443360505,0.18744408443360505,0.18744408443360505,0.18744408443360505,0.18744408443360505,0.19713873015368744,0.19713873015368744,0.19713873015368744,0.19713873015368744,0.19713873015368744,0.19713873015368744,0.19713873015368744
galaxy,radialposition,80,0.14341773910963818,0.14341773910963818,0.14341773910963818,0.14341773910963818,0.14341773910963818,0.14341773910963818,0.14341773910963818,0.14361972701298575,0.14361972701298575,0.14361972701298575,0.14361972701298575,0.14361972701298575,0.14361972701298575,0.14361972701298575,0.16117160670039266,0.16117160670039266,0.16117160670039266,0.16117160670039266,0.16117160670039266,0.16117160670039266,0.16117160670039266,0.17822572524833324,0.17822572524833324,0.17822572524833324,0.17822572524833324,0.17822572524833324,0.17822572524833324,0.17822572524833324,0.18899419775300264,0.18899419775300264,0.18899419775300264,0.18899419775300264,0.18899419775300264,0.18899419775300264,0.18899419775300264
galaxy,eastwest,90,0.2685368290231166,0.2685368290231166,0.2685368290231166,0.2685368290231166,0.2685368290231166,0.2685368290231166,0.2685368290231166,0.27243025268181065,0.27243025268181065,0.27243025268181065,0.27243025268181065,0.27243025268181065,0.27243025268181065,0.27243025268181065,0.28662723459832695,0.28662723459832695,0.28662723459832695,0.28662723459832695,0.28662723459832695,0.28662723459832695,0.28662723459832695,0.3053777909550751,0.3053777909550751,0.3053777909550751,0.3053777909550751,0.3053777909550751,0.3053777909550751,0.3053777909550751,0.3107599199319191,0.3107599199319191,0.3107599199319191,0.3107599199319191,0.3107599199319191,0.3107599199319191,0.3107599199319191
galaxy,northsouth,90,0.16303700428642998,0.16303700428642998,0.16303700428642998,0.16303700428642998,0.16303700428642998,0.16303700428642998,0.16303700428642998,0.1692754807640916,0.1692754807640916,0.1692754807640916,0.1692754807640916,0.1692754807640916,0.1692754807640916,0.1692754807640916,0.18634899490569923,0.18634899490569923,0.18634899490569923,0.18634899490569923,0.18634899490569923,0.18634899490569923,0.18634899490569923,0.20844505009074288,0.20844505009074288,0.20844505009074288,0.20844505009074288,0.20844505009074288,0.20844505009074288,0.20844505009074288,0.2123194591515527,0.2123194591515527,0.2123194591515527,0.2123194591515527,0.2123194591515527,0.2123194591515527,0.2123194591515527
galaxy,radialposition,90,0.17442500007054085,0.17442500007054085,0.17442500007054085,0.17442500007054085,0.17442500007054085,0.17442500007054085,0.17442500007054085,0.1796616631818846,0.1796616631818846,0.1796616631818846,0.1796616631818846,0.1796616631818846,0.1796616631818846,0.1796616631818846,0.19577712574841188,0.19577712574841188,0.19577712574841188,0.19577712574841188,0.19577712574841188,0.19577712574841188,0.19577712574841188,0.21794938851179957,0.21794938851179957,0.21794938851179957,0.21794938851179957,0.21794938851179957,0.21794938851179957,0.21794938851179957,0.22028867694041476,0.22028867694041476,0.22028867694041476,0.22028867694041476,0.22028867694041476,0.22028867694041476,0.22028867694041476
heart,oldpeak,50,0.19655606737206266,0.19655606737206266,0.19655606737206266,0.19655606737206266,0.19655606737206266,0.19655606737206266,0.19655606737206266,0.19765814801142678,0.19765814801142678,0.19765814801142678,0.19765814801142678,0.19765814801142678,0.19765814801142678,0.19765814801142678,0.1994262535293072,0.1994262535293072,0.1994262535293072,0.1994262535293072,0.1994262535293072,0.1994262535293072,0.1994262535293072,0.20384247026475788,0.20384247026475788,0.20384247026475788,0.20384247026475788,0.20384247026475788,0.20384247026475788,0.20384247026475788,0.20613528523909386,0.20613528523909386,0.20613528523909386,0.20613528523909386,0.20613528523909386,0.20613528523909386,0.20613528523909386
heart,oldpeak,60,0.19442076913458173,0.19442076913458173,0.19442076913458173,0.19442076913458173,0.19442076913458173,0.19442076913458173,0.19442076913458173,0.2005357944875764,0.2005357944875764,0.2005357944875764,0.2005357944875764,0.2005357944875764,0.2005357944875764,0.2005357944875764,0.20090767623279016,0.20090767623279016,0.20090767623279016,0.20090767623279016,0.20090767623279016,0.20090767623279016,0.20090767623279016,0.20253170114740826,0.20253170114740826,0.20253170114740826,0.20253170114740826,0.20253170114740826,0.20253170114740826,0.20253170114740826,0.20365481303775335,0.20365481303775335,0.20365481303775335,0.20365481303775335,0.20365481303775335,0.20365481303775335,0.20365481303775335
heart,oldpeak,70,0.1933157580076904,0.1933157580076904,0.1933157580076904,0.1933157580076904,0.1933157580076904,0.1933157580076904,0.1933157580076904,0.1993269756018785,0.1993269756018785,0.1993269756018785,0.1993269756018785,0.1993269756018785,0.1993269756018785,0.1993269756018785,0.20078795081797796,0.20078795081797796,0.20078795081797796,0.20078795081797796,0.20078795081797796,0.20078795081797796,0.20078795081797796,0.20298938100082176,0.20298938100082176,0.20298938100082176,0.20298938100082176,0.20298938100082176,0.20298938100082176,0.20298938100082176,0.20695660982283182,0.20695660982283182,0.20695660982283182,0.20695660982283182,0.20695660982283182,0.20695660982283182,0.20695660982283182
heart,oldpeak,80,0.1942870507969331,0.1942870507969331,0.1942870507969331,0.1942870507969331,0.1942870507969331,0.1942870507969331,0.1942870507969331,0.2002925560364447,0.2002925560364447,0.2002925560364447,0.2002925560364447,0.2002925560364447,0.2002925560364447,0.2002925560364447,0.20122870167935092,0.20122870167935092,0.20122870167935092,0.20122870167935092,0.20122870167935092,0.20122870167935092,0.20122870167935092,0.20375338143403532,0.20375338143403532,0.20375338143403532,0.20375338143403532,0.20375338143403532,0.20375338143403532,0.20375338143403532,0.21218792631802963,0.21218792631802963,0.21218792631802963,0.21218792631802963,0.21218792631802963,0.21218792631802963,0.21218792631802963
heart,oldpeak,90,0.2091496731470892,0.2091496731470892,0.2091496731470892,0.2091496731470892,0.2091496731470892,0.2091496731470892,0.2091496731470892,0.21240605713828653,0.21240605713828653,0.21240605713828653,0.21240605713828653,0.21240605713828653,0.21240605713828653,0.21240605713828653,0.2142883342392624,0.2142883342392624,0.2142883342392624,0.2142883342392624,0.2142883342392624,0.2142883342392624,0.2142883342392624,0.21641706736181532,0.21641706736181532,0.21641706736181532,0.21641706736181532,0.21641706736181532,0.21641706736181532,0.21641706736181532,0.22555609079011474,0.22555609079011474,0.22555609079011474,0.22555609079011474,0.22555609079011474,0.22555609079011474,0.22555609079011474
pet,AgeMonths,50,0.2971837221870177,0.2971837221870177,0.2971837221870177,0.2971837221870177,0.2971837221870177,0.2971837221870177,0.2971837221870177,0.30331168330779745,0.30331168330779745,0.30331168330779745,0.30331168330779745,0.30331168330779745,0.30331168330779745,0.30331168330779745,0.3112359208605374,0.3112359208605374,0.3112359208605374,0.3112359208605374,0.3112359208605374,0.3112359208605374,0.3112359208605374,0.31880906208289717,0.31880906208289717,0.31880906208289717,0.31880906208289717,0.31880906208289717,0.31880906208289717,0.31880906208289717,0.33189174111066044,0.33189174111066044,0.33189174111066044,0.33189174111066044,0.33189174111066044,0.33189174111066044,0.33189174111066044
pet,AgeMonths,60,0.3053229104741778,0.3053229104741778,0.3053229104741778,0.3053229104741778,0.3053229104741778,0.3053229104741778,0.3053229104741778,0.3086396410983341,0.3086396410983341,0.3086396410983341,0.3086396410983341,0.3086396410983341,0.3086396410983341,0.3086396410983341,0.3174195309872667,0.3174195309872667,0.3174195309872667,0.3174195309872667,0.3174195309872667,0.3174195309872667,0.3174195309872667,0.3294466887032984,0.3294466887032984,0.3294466887032984,0.3294466887032984,0.3294466887032984,0.3294466887032984,0.3294466887032984,0.3401825700237371,0.3401825700237371,0.3401825700237371,0.3401825700237371,0.3401825700237371,0.3401825700237371,0.3401825700237371
pet,AgeMonths,70,0.3139817093481029,0.3139817093481029,0.3139817093481029,0.3139817093481029,0.3139817093481029,0.3139817093481029,0.3139817093481029,0.31432691274010105,0.31432691274010105,0.31432691274010105,0.31432691274010105,0.31432691274010105,0.31432691274010105,0.31432691274010105,0.3237166626930752,0.3237166626930752,0.3237166626930752,0.3237166626930752,0.3237166626930752,0.3237166626930752,0.3237166626930752,0.3406847196638281,0.3406847196638281,0.3406847196638281,0.3406847196638281,0.3406847196638281,0.3406847196638281,0.3406847196638281,0.34629332680556746,0.34629332680556746,0.34629332680556746,0.34629332680556746,0.34629332680556746,0.34629332680556746,0.34629332680556746
pet,AgeMonths,80,0.3252245392698152,0.3252245392698152,0.3252245392698152,0.3252245392698152,0.3252245392698152,0.3252245392698152,0.3252245392698152,0.3276388706164294,0.3276388706164294,0.3276388706164294,0.3276388706164294,0.3276388706164294,0.3276388706164294,0.3276388706164294,0.3351471305824365,0.3351471305824365,0.3351471305824365,0.3351471305824365,0.3351471305824365,0.3351471305824365,0.3351471305824365,0.35646064192242866,0.35646064192242866,0.35646064192242866,0.35646064192242866,0.35646064192242866,0.35646064192242866,0.35646064192242866,0.3565759985674909,0.3565759985674909,0.3565759985674909,0.3565759985674909,0.3565759985674909,0.3565759985674909,0.3565759985674909
pet,AgeMonths,90,0.3390608843754944,0.3390608843754944,0.3390608843754944,0.3390608843754944,0.3390608843754944,0.3390608843754944,0.3390608843754944,0.34638383629685854,0.34638383629685854,0.34638383629685854,0.34638383629685854,0.34638383629685854,0.34638383629685854,0.34638383629685854,0.3508847243947065,0.3508847243947065,0.3508847243947065,0.3508847243947065,0.3508847243947065,0.3508847243947065,0.3508847243947065,0.37026346884412653,0.37026346884412653,0.37026346884412653,0.37026346884412653,0.37026346884412653,0.37026346884412653,0.37026346884412653,0.3779218501116621,0.3779218501116621,0.3779218501116621,0.3779218501116621,0.3779218501116621,0.3779218501116621,0.3779218501116621
weather,Temperature,50,0.14385721994832135,0.14385721994832135,0.14385721994832135,0.14385721994832135,0.14385721994832135,0.14385721994832135,0.14385721994832135,0.15975312162692545,0.15975312162692545,0.15975312162692545,0.15975312162692545,0.15975312162692545,0.15975312162692545,0.15975312162692545,0.15999192453114952,0.15999192453114952,0.15999192453114952,0.15999192453114952,0.15999192453114952,0.15999192453114952,0.15999192453114952,0.16111859602517342,0.16111859602517342,0.16111859602517342,0.16111859602517342,0.16111859602517342,0.16111859602517342,0.16111859602517342,0.17099657922660227,0.17099657922660227,0.17099657922660227,0.17099657922660227,0.17099657922660227,0.17099657922660227,0.17099657922660227
weather,Precipitation,50,0.16427489096022807,0.16427489096022807,0.16427489096022807,0.16427489096022807,0.16427489096022807,0.16427489096022807,0.16427489096022807,0.18487797552700436,0.18487797552700436,0.18487797552700436,0.18487797552700436,0.18487797552700436,0.18487797552700436,0.18487797552700436,0.18942525661098375,0.18942525661098375,0.18942525661098375,0.18942525661098375,0.18942525661098375,0.18942525661098375,0.18942525661098375,0.1905674992460007,0.1905674992460007,0.1905674992460007,0.1905674992460007,0.1905674992460007,0.1905674992460007,0.1905674992460007,0.19311010265232098,0.19311010265232098,0.19311010265232098,0.19311010265232098,0.19311010265232098,0.19311010265232098,0.19311010265232098
weather,AtmosphericPressure,50,0.19299834186791787,0.19299834186791787,0.19299834186791787,0.19299834186791787,0.19299834186791787,0.19299834186791787,0.19299834186791787,0.2051907160046984,0.2051907160046984,0.2051907160046984,0.2051907160046984,0.2051907160046984,0.2051907160046984,0.2051907160046984,0.21082272646502576,0.21082272646502576,0.21082272646502576,0.21082272646502576,0.21082272646502576,0.21082272646502576,0.21082272646502576,0.21464201424209928,0.21464201424209928,0.21464201424209928,0.21464201424209928,0.21464201424209928,0.21464201424209928,0.21464201424209928,0.21571477749660573,0.21571477749660573,0.21571477749660573,0.21571477749660573,0.21571477749660573,0.21571477749660573,0.21571477749660573
weather,Temperature,60,0.16789950771534257,0.16789950771534257,0.16789950771534257,0.16789950771534257,0.16789950771534257,0.16789950771534257,0.16789950771534257,0.18548271320570286,0.18548271320570286,0.18548271320570286,0.18548271320570286,0.18548271320570286,0.18548271320570286,0.18548271320570286,0.18600536924981736,0.18600536924981736,0.18600536924981736,0.18600536924981736,0.18600536924981736,0.18600536924981736,0.18600536924981736,0.1881610752770787,0.1881610752770787,0.1881610752770787,0.1881610752770787,0.1881610752770787,0.1881610752770787,0.1881610752770787,0.19172164451136253,0.19172164451136253,0.19172164451136253,0.19172164451136253,0.19172164451136253,0.19172164451136253,0.19172164451136253
weather,Precipitation,60,0.19186593077249103,0.19186593077249103,0.19186593077249103,0.19186593077249103,0.19186593077249103,0.19186593077249103,0.19186593077249103,0.20572887597202627,0.20572887597202627,0.20572887597202627,0.20572887597202627,0.20572887597202627,0.20572887597202627,0.20572887597202627,0.21593703294616973,0.21593703294616973,0.21593703294616973,0.21593703294616973,0.21593703294616973,0.21593703294616973,0.21593703294616973,0.21730786765678478,0.21730786765678478,0.21730786765678478,0.21730786765678478,0.21730786765678478,0.21730786765678478,0.21730786765678478,0.21886473774495419,0.21886473774495419,0.21886473774495419,0.21886473774495419,0.21886473774495419,0.21886473774495419,0.21886473774495419
weather,AtmosphericPressure,60,0.19735157981647278,0.19735157981647278,0.19735157981647278,0.19735157981647278,0.19735157981647278,0.19735157981647278,0.19735157981647278,0.21785333696115794,0.21785333696115794,0.21785333696115794,0.21785333696115794,0.21785333696115794,0.21785333696115794,0.21785333696115794,0.22100174336085843,0.22100174336085843,0.22100174336085843,0.22100174336085843,0.22100174336085843,0.22100174336085843,0.22100174336085843,0.22282382169113013,0.22282382169113013,0.22282382169113013,0.22282382169113013,0.22282382169113013,0.22282382169113013,0.22282382169113013,0.22682029829436912,0.22682029829436912,0.22682029829436912,0.22682029829436912,0.22682029829436912,0.22682029829436912,0.22682029829436912
weather,Temperature,70,0.18823389299970672,0.18823389299970672,0.18823389299970672,0.18823389299970672,0.18823389299970672,0.18823389299970672,0.18823389299970672,0.19260165026578557,0.19260165026578557,0.19260165026578557,0.19260165026578557,0.19260165026578557,0.19260165026578557,0.19260165026578557,0.19416105230595926,0.19416105230595926,0.19416105230595926,0.19416105230595926,0.19416105230595926,0.19416105230595926,0.19416105230595926,0.1983834023063683,0.1983834023063683,0.1983834023063683,0.1983834023063683,0.1983834023063683,0.1983834023063683,0.1983834023063683,0.20312140945262347,0.20312140945262347,0.20312140945262347,0.20312140945262347,0.20312140945262347,0.20312140945262347,0.20312140945262347
weather,Precipitation,70,0.21768525317890808,0.21768525317890808,0.21768525317890808,0.21768525317890808,0.21768525317890808,0.21768525317890808,0.21768525317890808,0.2197445478589738,0.2197445478589738,0.2197445478589738,0.2197445478589738,0.2197445478589738,0.2197445478589738,0.2197445478589738,0.2414267677361105,0.2414267677361105,0.2414267677361105,0.2414267677361105,0.2414267677361105,0.2414267677361105,0.2414267677361105,0.2424432284197986,0.2424432284197986,0.2424432284197986,0.2424432284197986,0.2424432284197986,0.2424432284197986,0.2424432284197986,0.24359889530191314,0.24359889530191314,0.24359889530191314,0.24359889530191314,0.24359889530191314,0.24359889530191314,0.24359889530191314
weather,AtmosphericPressure,70,0.22353882785918067,0.22353882785918067,0.22353882785918067,0.22353882785918067,0.22353882785918067,0.22353882785918067,0.22353882785918067,0.24122255487028843,0.24122255487028843,0.24122255487028843,0.24122255487028843,0.24122255487028843,0.24122255487028843,0.24122255487028843,0.24777647735813713,0.24777647735813713,0.24777647735813713,0.24777647735813713,0.24777647735813713,0.24777647735813713,0.24777647735813713,0.2482709064061136,0.2482709064061136,0.2482709064061136,0.2482709064061136,0.2482709064061136,0.2482709064061136,0.2482709064061136,0.24843020850398045,0.24843020850398045,0.24843020850398045,0.24843020850398045,0.24843020850398045,0.24843020850398045,0.24843020850398045
weather,Temperature,80,0.19678058689509992,0.19678058689509992,0.19678058689509992,0.19678058689509992,0.19678058689509992,0.19678058689509992,0.19678058689509992,0.2027816778252708,0.2027816778252708,0.2027816778252708,0.2027816778252708,0.2027816778252708,0.2027816778252708,0.2027816778252708,0.2043439181171134,0.2043439181171134,0.2043439181171134,0.2043439181171134,0.2043439181171134,0.2043439181171134,0.2043439181171134,0.2051614942118819,0.2051614942118819,0.2051614942118819,0.2051614942118819,0.2051614942118819,0.2051614942118819,0.2051614942118819,0.20662262667265852,0.20662262667265852,0.20662262667265852,0.20662262667265852,0.20662262667265852,0.20662262667265852,0.20662262667265852
weather,Precipitation,80,0.245423731575793,0.245423731575793,0.245423731575793,0.245423731575793,0.245423731575793,0.245423731575793,0.245423731575793,0.25675115142989,0.25675115142989,0.25675115142989,0.25675115142989,0.25675115142989,0.25675115142989,0.25675115142989,0.2715166997312719,0.2715166997312719,0.2715166997312719,0.2715166997312719,0.2715166997312719,0.2715166997312719,0.2715166997312719,0.2741976399223255,0.2741976399223255,0.2741976399223255,0.2741976399223255,0.2741976399223255,0.2741976399223255,0.2741976399223255,0.27741560714754476,0.27741560714754476,0.27741560714754476,0.27741560714754476,0.27741560714754476,0.27741560714754476,0.27741560714754476
weather,AtmosphericPressure,80,0.2525842233325122,0.2525842233325122,0.2525842233325122,0.2525842233325122,0.2525842233325122,0.2525842233325122,0.2525842233325122,0.2546707513129589,0.2546707513129589,0.2546707513129589,0.2546707513129589,0.2546707513129589,0.2546707513129589,0.2546707513129589,0.2681974105088677,0.2681974105088677,0.2681974105088677,0.2681974105088677,0.2681974105088677,0.2681974105088677,0.2681974105088677,0.2776879804932445,0.2776879804932445,0.2776879804932445,0.2776879804932445,0.2776879804932445,0.2776879804932445,0.2776879804932445,0.28471698972007753,0.28471698972007753,0.28471698972007753,0.28471698972007753,0.28471698972007753,0.28471698972007753,0.28471698972007753
weather,Temperature,90,0.22065284201551283,0.22065284201551283,0.22065284201551283,0.22065284201551283,0.22065284201551283,0.22065284201551283,0.22065284201551283,0.22180942501097245,0.22180942501097245,0.22180942501097245,0.22180942501097245,0.22180942501097245,0.22180942501097245,0.22180942501097245,0.22852783407669497,0.22852783407669497,0.22852783407669497,0.22852783407669497,0.22852783407669497,0.22852783407669497,0.22852783407669497,0.2354610563564491,0.2354610563564491,0.2354610563564491,0.2354610563564491,0.2354610563564491,0.2354610563564491,0.2354610563564491,0.23789287022157712,0.23789287022157712,0.23789287022157712,0.23789287022157712,0.23789287022157712,0.23789287022157712,0.23789287022157712
weather,Precipitation,90,0.26541081998692106,0.26541081998692106,0.26541081998692106,0.26541081998692106,0.26541081998692106,0.26541081998692106,0.26541081998692106,0.26651250127942183,0.26651250127942183,0.26651250127942183,0.26651250127942183,0.26651250127942183,0.26651250127942183,0.26651250127942183,0.2684745166241864,0.2684745166241864,0.2684745166241864,0.2684745166241864,0.2684745166241864,0.2684745166241864,0.2684745166241864,0.2710761936916952,0.2710761936916952,0.2710761936916952,0.2710761936916952,0.2710761936916952,0.2710761936916952,0.2710761936916952,0.27282144693335775,0.27282144693335775,0.27282144693335775,0.27282144693335775,0.27282144693335775,0.27282144693335775,0.27282144693335775
weather,AtmosphericPressure,90,0.27608279643224587,0.27608279643224587,0.27608279643224587,0.27608279643224587,0.27608279643224587,0.27608279643224587,0.27608279643224587,0.2894165888517952,0.2894165888517952,0.2894165888517952,0.2894165888517952,0.2894165888517952,0.2894165888517952,0.2894165888517952,0.30247560514987115,0.30247560514987115,0.30247560514987115,0.30247560514987115,0.30247560514987115,0.30247560514987115,0.30247560514987115,0.3029847259447649,0.3029847259447649,0.3029847259447649,0.3029847259447649,0.3029847259447649,0.3029847259447649,0.3029847259447649,0.3037967479327145,0.3037967479327145,0.3037967479327145,0.3037967479327145,0.3037967479327145,0.3037967479327145,0.3037967479327145

